{"type":"FeatureCollection","features":[{"type":"Feature","geometry":{"type":"MultiPolygon","coordinates":[[[[-17.362630970536117,20.692964707177442],[-16.546446327046723,20.261223644160953],[-16.79354583894633,19.660917412725937],[-17.35848123215903,20.262785721213525],[-17.362630970536117,20.692964707177442]]],[[[-17.173337244274364,14.08927831486011],[-16.977593974921923,13.617878951422934],[-17.128384897940904,13.366601013657117],[-17.090001420097185,12.359029594961271],[-16.508352348479608,11.822751232467242],[-16.719355161577504,11.481847989551547],[-16.510366084594093,10.959137679686592],[-16.070727623606928,10.736168093413287],[-15.571870965953083,10.934113677935178],[-14.963675608696443,10.487193357006522],[-14.662809861678543,10.001714052174426],[-14.007415748360348,9.615144964431542],[-13.967642320152377,9.33295735164439],[-13.579693802277731,9.040796794840787],[-13.576831654920245,8.423639632811756],[-13.25772933728506,7.886547294686934],[-13.25117828906708,7.57891741792626],[-13.539471295330573,7.635700663970275],[-13.988289685396316,8.069544179248316],[-13.858560928704227,8.491208072555475],[-13.973534399750323,8.726205942441862],[-14.436925155787796,8.917062811122323],[-14.69187352420052,9.227561050896714],[-16.286260596595273,9.82311493145175],[-17.093106217183834,11.469149892939312],[-17.095600080356753,12.311098908892342],[-17.382936201695706,12.919443954216215],[-17.123294437913998,13.747093052910538],[-17.173337244274364,14.08927831486011]]],[[[-1.6244998046997305,4.6040210791009075],[-1.0324055206453315,4.865072365899371],[-1.138814140773393,4.777813339608667],[-1.6244998046997305,4.6040210791009075]]],[[[5.448050308257672,4.378901805176759],[5.726236299414308,4.129566720871006],[5.474715216958257,4.313113626106167],[5.448050308257672,4.378901805176759]]],[[[6.404399963314413,4.008572271956618],[6.710599468738321,4.0374519035133165],[6.82360506863884,4.0586980124743635],[6.635345003961564,3.9673682537968817],[6.404399963314413,4.008572271956618]]],[[[7.387969686590205,4.135734483987856],[8.364819880267794,4.2587252586414355],[8.652159377547907,4.212611695158844],[8.680912428601614,4.0256163121589195],[7.387969686590205,4.135734483987856]]],[[[9.276708664791043,-2.457767692565213],[9.390916513650321,-2.5757048331302235],[9.58698686230275,-2.7522647983916535],[9.540172251839168,-2.7342582380042995],[9.276708664791043,-2.457767692565213]]],[[[11.896976632466247,-5.475109112529666],[11.908010857421083,-5.497993639823531],[11.882552328346108,-5.570925703587983],[11.896976632466247,-5.475109112529666]]],[[[12.013140436166237,-6.26100619110138],[12.5378741805103,-7.013115520105193],[12.544206953219748,-7.149200904054393],[12.13953983458064,-6.802586498229482],[12.013140436166237,-6.26100619110138]]],[[[13.30993858534236,-21.263323194934024],[14.2056992301135,-22.633047588824777],[14.172563692116869,-23.6746845560484],[13.86308844915902,-23.312591598404342],[13.804074102757461,-22.639336834502473],[13.30993858534236,-21.263323194934024]]],[[[14.265135812755888,-24.416740612176667],[14.552172735583975,-25.120342686641713],[14.550332971895836,-25.218093150714274],[14.215563933293497,-24.94134661713512],[14.265135812755888,-24.416740612176667]]],[[[15.314291864518133,-27.90573282389235],[16.245343407776865,-28.767149680072986],[16.886048326874814,-30.19765066045207],[15.520426353133349,-29.51531812014367],[15.397190390475195,-28.938422711104938],[15.12769689391502,-28.743410775058585],[15.164700065551688,-28.405159149471206],[14.991749431236505,-28.202994757305785],[15.314291864518133,-27.90573282389235]]],[[[17.628543627549544,-31.399017659592463],[17.924061834662954,-31.83763595791335],[17.92889061520655,-32.437053941555355],[17.52214157716734,-31.90491627361621],[17.628543627549544,-31.399017659592463]]],[[[18.854886636182663,-34.6742670852339],[20.003780056174687,-35.12192025411471],[20.626729753403534,-34.74887109394498],[21.86586814179791,-34.67119816128879],[22.594647812899137,-34.29856830372924],[24.410749620734997,-34.43201665980099],[22.494331231475304,-34.86602792381024],[21.405942153147283,-36.10393369236267],[20.8959720115536,-36.332251110778564],[20.30523889493305,-36.03968873587851],[19.705067147225584,-35.32346134089601],[19.389366630338937,-35.22512517138656],[18.854886636182663,-34.6742670852339]]],[[[25.991269847398645,-34.09396200578767],[25.995360918214182,-34.067591852412555],[26.142355384095865,-34.06414016056497],[25.991269847398645,-34.09396200578767]]],[[[34.81927348892993,-25.023923987649592],[34.96431327103256,-24.970305375066037],[34.91163531921883,-25.091668524412903],[34.81927348892993,-25.023923987649592]]],[[[35.415531618219305,-21.01708264947352],[34.988353927599995,-20.43037095238977],[35.03509219809535,-20.119872926973635],[36.040457862853316,-19.19146513571729],[36.60366039605233,-19.01181110707069],[37.05564115176475,-18.43599151090746],[36.85142518732113,-18.916061406741672],[35.758389648033045,-20.248552223601887],[35.415531618219305,-21.01708264947352]]],[[[42.94946382805622,13.23155993443361],[42.782957760483136,13.39956131483845],[42.96543907667143,13.485359601830988],[42.94946382805622,13.23155993443361]]],[[[41.978056800686495,14.109551346645896],[41.369992639237616,14.858292853786102],[40.92808045601201,14.974940736515222],[40.5481814457272,15.315159799989807],[40.69173271774162,15.677617920669404],[40.425782777379524,15.885586093968024],[40.243996177924544,16.326008080740056],[39.89203671676791,16.36221359950522],[39.682535269393796,16.02738909590931],[39.332166695929985,16.951420351522035],[39.6860514298869,16.97754360078672],[41.51345078214363,15.241570827027397],[41.978056800686495,14.109551346645896]]],[[[42.37727665521077,15.599097159536537],[42.017266634468264,16.327679297316564],[42.44682438645811,16.449750863174064],[42.52797318349223,15.996371360351635],[42.37727665521077,15.599097159536537]]],[[[41.46472476538918,16.96262400649482],[41.05127240965226,17.64851179263812],[40.943170223238674,18.08774482832684],[41.11267451011136,18.322804404983437],[42.0241719505612,17.300590875445952],[41.69130845246424,17.26362173074322],[41.46472476538918,16.96262400649482]]],[[[40.66986776015478,19.24163924433855],[40.08767253594334,19.527474020199463],[40.141849163056804,19.85840012485598],[40.50595027943749,19.58177202704147],[40.66986776015478,19.24163924433855]]],[[[37.691654758712076,19.061095272995512],[37.90419725930991,19.147552772332045],[37.8995734130853,18.943973599536992],[37.691654758712076,19.061095272995512]]],[[[56.72467633981183,17.983684464497188],[57.00709983047665,18.487597610769253],[57.3848594246302,18.586303497410977],[56.98663181264166,17.956079874861047],[56.72467633981183,17.983684464497188]]],[[[58.02359767553483,19.597152374354035],[58.12056784760703,20.101278784027592],[58.34769161646325,20.110054170586764],[58.02359767553483,19.597152374354035]]],[[[56.631623228792975,25.493694409452754],[56.799516355232626,26.329039696865156],[56.608520937048475,26.63847575604447],[56.70751131899069,26.83376447078062],[56.9839305559194,25.842752579581518],[56.631623228792975,25.493694409452754]]],[[[55.88586133752812,26.323175925424426],[55.72787084593576,25.996942366472172],[54.003659559141326,24.55119782520387],[53.37998445610032,24.710565432529766],[52.941701230940055,24.45748689241155],[52.266600898392774,24.83637778703553],[52.00163444456295,24.616259697033964],[52.06100386277436,24.2800765340667],[51.771846538119256,24.706696463257465],[51.910858340353776,25.012727058590368],[51.81808074417345,26.067545985301887],[51.33818147029015,26.447224723235216],[50.84602803712471,26.249854756099094],[50.470052019778656,26.48502524722962],[50.41539127842111,26.81973402293062],[49.97664528397723,27.233138103017517],[49.90032169287078,27.53044765031429],[49.18057410763754,27.858951279109423],[48.51298070843081,29.110887932468753],[48.6901123653714,29.32196931815428],[48.61736852922765,29.601770456802182],[49.163274481938764,29.891337786477596],[49.516969683781106,29.723324034685636],[49.95535005376798,29.851532415545712],[50.189036044020156,29.55554291482073],[50.006098025343476,29.38373185813022],[50.01861758820843,29.127657210180438],[50.8130847181777,28.547029104920735],[51.190584681270266,27.716777453458327],[52.30170229059136,27.36549153731205],[53.00975805173414,26.582380839823177],[53.89345901545452,26.199047597547672],[54.19627953920737,26.314152068348655],[54.21886477212739,25.84047991388292],[54.40424387900282,25.62344305473587],[54.77619163856044,25.725076218552573],[54.82657739346278,26.198317300232237],[55.88586133752812,26.323175925424426]]],[[[66.23133498541078,25.086897607127053],[66.40738391127422,25.094371497907705],[66.43208188986807,24.637465872203524],[66.87474767568733,24.502301245363796],[67.05394882257072,24.25241399965572],[67.20265393039925,23.77369427258507],[66.97335382240595,23.494079801112186],[66.17741525000483,24.30725572974484],[66.3769420653618,24.623130867284353],[66.23133498541078,25.086897607127053]]],[[[67.64947747416956,23.49943780820512],[68.18834303114842,23.30237595041925],[68.87151068470921,22.703150228297012],[68.65523155973234,22.399508399341002],[68.69910233860539,22.145016165718328],[70.38684835870286,20.55079024704148],[71.04099526566571,20.415921973532466],[72.32369093324922,21.034625311361378],[72.60955855441405,20.806258549330735],[72.35200587216721,19.810920380177656],[73.15698815323367,15.992269749425422],[73.66345579480522,14.912553319907293],[74.17080494392579,14.306919495062969],[74.54391855393906,12.727194827919],[74.92075694663917,11.897767014552644],[75.19690887512711,11.713171023080788],[75.6781554327227,10.763254800137101],[74.75538174040601,11.910441873390386],[74.37243826138432,12.934647982950997],[73.77971283349811,13.553256627096184],[72.98833521484354,16.03405135612522],[72.61225082650063,16.643022371844463],[72.01595494255477,17.485157323627426],[71.15702382016688,17.97312517867349],[70.58928529151515,19.008302606779733],[70.1088799207336,19.247359194686247],[69.7934113258661,19.819083350324387],[69.45142506687282,21.15281154625904],[68.37635084516,21.632907060214404],[68.2399575820969,22.05649711036623],[67.3114780389408,22.892916241314552],[67.64947747416956,23.49943780820512]]],[[[75.89901213838398,9.919129181288172],[75.95661316332549,9.907705501585413],[76.00209323607143,9.647473172010159],[75.89901213838398,9.919129181288172]]],[[[76.96675822320535,8.039724194033075],[77.47641551115001,7.777985542276282],[77.85803763666758,7.920009690270502],[77.72125518238616,7.627273222921141],[77.27798858326541,7.504986077812904],[77.10487892966094,7.602322440079564],[76.96675822320535,8.039724194033075]]],[[[79.659163117334,9.978524387860821],[79.30326169863316,9.594055651847533],[79.48136181606746,9.965920301757155],[79.659163117334,9.978524387860821]]],[[[80.44473471278847,10.068290019203182],[80.09968347945362,10.11768055501324],[80.15651731674738,10.304759952425114],[80.44473471278847,10.068290019203182]]],[[[87.17809762910318,20.397467112975825],[87.34285526287805,20.683124471254022],[87.20404350869217,21.125407436231743],[87.91366319378861,21.436669569838987],[88.21999182454621,21.256653900440902],[89.09205277465338,21.317813366050572],[88.57217350708571,20.657733686425445],[87.17809762910318,20.397467112975825]]],[[[89.56721933330444,20.941103935392956],[89.84555414658004,21.234311075845063],[89.86324624395195,21.584892856702655],[90.60540451200706,21.580258411002916],[91.50124420916124,22.142464894617095],[91.60447933564402,21.355870476432916],[92.67084180036123,19.869791928462522],[92.14215945335057,20.232691504834445],[89.65522032901924,20.535997197912778],[89.56721933330444,20.941103935392956]]],[[[93.0855196473786,19.53435814875864],[93.23687502668852,19.521232186373002],[93.18749410594728,19.399806620559406],[93.0855196473786,19.53435814875864]]],[[[93.92422153186476,18.482677493724857],[93.96911603541068,18.368485380324543],[93.90122777546041,18.45806142957556],[93.92422153186476,18.482677493724857]]],[[[93.96941868063479,15.846018490682715],[94.33523434282834,15.546939958602113],[95.49000307802784,15.432294061695382],[95.92199440826947,15.971218042444104],[96.81857041520792,16.30906342415927],[97.01041889676564,16.562402000458828],[97.40979010914182,15.770183802962997],[97.50600707473907,14.798976872194595],[97.8000485913868,14.128504937247135],[97.62534831339495,13.747832922562793],[97.979324925114,13.286905944976597],[97.94710408167069,13.078277590166426],[97.55127598637058,12.86412484883912],[97.66439404045134,12.205684893657816],[97.3581723589231,12.087221920206078],[97.15387603200931,12.781223777003472],[97.30140318571425,13.212175198871176],[97.21778550041903,13.48678285733344],[96.97153921051427,13.629991469937599],[96.70428079192546,13.483337343237018],[96.26303423006247,14.32934930448484],[94.59117129337717,14.392184510381965],[93.99359916095638,14.791804117233527],[93.96941868063479,15.846018490682715]]],[[[97.94346442994086,9.088540834240069],[97.8982162080159,8.544899715520533],[97.97709554498937,8.205716023675363],[97.84434413875117,8.29422633626677],[97.72622056409179,9.117574544926303],[97.94346442994086,9.088540834240069]]],[[[100.0350743617446,5.975248271836425],[99.8951335937874,5.179333334100046],[100.33738046831755,4.611845314835553],[100.26728720112135,4.285921773735088],[100.4311332529909,3.771144235534471],[100.97353025359568,3.1782302482159333],[101.00375448508281,2.7490858633223896],[101.18361322640713,2.5598457783543136],[100.65304648715163,2.503579391200854],[99.94202757856257,3.411593891583725],[98.56249504574834,4.3377784284794],[98.50969934278184,4.612925448586907],[97.72165286149956,5.469445393848366],[97.91444403510278,5.974941832280174],[98.54326919327609,6.669004363382092],[98.33490948035832,7.469180465879007],[98.56219417867162,7.6069754788766595],[98.74535304292084,7.639438468276367],[98.82233555508517,7.317327742607082],[99.38722459282515,6.902285110266367],[98.92431541062203,6.741944875934656],[98.92903112771985,6.361092681624321],[99.38165945429452,6.291638212571351],[99.73425412092321,5.905185544360615],[100.0350743617446,5.975248271836425]]],[[[101.23494056722154,2.527502989932378],[101.5004274905911,2.360212277904657],[101.39379926514765,2.312861849812661],[101.23494056722154,2.527502989932378]]],[[[102.07057949268773,2.0009436058954893],[102.25761633878275,1.8830864746984797],[102.07449607854382,1.9264448701511472],[102.07057949268773,2.0009436058954893]]],[[[102.66365452119643,1.6272304958641606],[103.12713964371332,1.3351755984853713],[102.75281953015077,1.4589024657446805],[102.66365452119643,1.6272304958641606]]],[[[105.30884036717157,-0.32125624882001014],[104.74792192809308,0.4164988199627832],[105.00619125529666,0.5793152908593029],[105.1305563657562,1.105439655702612],[104.53996238517827,1.4956537914417252],[104.24284289502557,2.4165691513887797],[104.510010142477,2.641934305916718],[104.42749929828315,3.0600462270419087],[104.17244444093485,3.1793151911449247],[103.85445587894783,2.9046815745912262],[103.7490880556323,3.025483082196957],[103.66088554564816,3.801099516524447],[103.79229858113568,4.369904365987406],[103.48592799462574,5.364541706760989],[101.74585668178435,7.0751880007711385],[101.34986115697615,7.248886300238385],[101.0676713958924,7.196181694741902],[100.82963414562572,7.408560505516319],[100.50011214979193,8.557344540307446],[100.24096639749536,8.788921184269952],[100.17800222339966,9.17078807489449],[100.3859462975826,9.573486670959182],[100.29695084108397,9.968568083490341],[100.03239612278186,10.073591562871837],[99.49050486436894,9.8603521230854],[99.91901868546448,11.403954930474434],[100.31140315622392,12.121267743078299],[100.37970011203998,13.176132343247298],[100.6235668247466,13.292237772595879],[100.65616374601252,12.430632586140979],[101.66852462499665,12.399643779680295],[101.95026329694872,12.173857451906304],[102.30578986548508,11.405647355595457],[102.69856149390321,11.280725949309618],[103.12840862726011,10.317247390353097],[103.59700949158461,10.202177200939325],[103.96881809550052,9.719517209662573],[104.21991307551225,9.759842539076041],[104.3516994901564,9.997423890043734],[104.5770406331961,9.84686125800348],[104.42219147723014,8.579466435035817],[104.78135288266022,8.273599034215254],[105.25636331984911,8.377353672599043],[105.71331777518611,8.873813935473517],[106.71522083405587,9.338888901967788],[107.06617372357141,10.024157651885611],[109.16461288805733,11.094125332019432],[109.45637915294456,11.513241123748424],[109.2006994940929,10.714880541101307],[108.91497758452964,10.84447708511608],[108.66052625660829,10.677784768561079],[108.70071133686189,10.321314419305544],[109.0334465990642,10.233215128628997],[108.89654708005334,9.8389632785769],[108.6123351001147,9.79242574985329],[108.32818257658595,9.419721747500502],[108.4624485143333,8.966700584412768],[108.85597960167368,8.918427925756806],[108.74630717633386,8.061375027304553],[108.84972359003766,6.81858830997752],[110.20485733669331,5.304285858045962],[111.49735550936188,5.107125691012472],[112.33584779133054,5.438988959193723],[112.44626902898932,5.126148632879524],[113.0116750432312,4.776893357696046],[113.69831717827053,4.708330595352797],[113.65653946735448,4.3950874389164625],[112.83623039614973,3.423485448687731],[111.14496687432116,2.990359639766674],[110.81223515366587,1.8716689924834229],[110.38343565658975,2.0976431375917137],[110.08661500202324,1.98465589882405],[109.68915905700331,2.380010876856742],[109.10164282464979,2.116395227333611],[108.62432960156723,1.1652526826526735],[108.62613188406276,0.284542121981407],[108.85750648958054,-0.002058476568960935],[108.74856033540418,-0.28314690710118795],[109.00623642487639,-0.9900498427662283],[108.42369638943512,-1.5534651960060415],[108.4686853567799,-1.929433668232053],[108.86934101522915,-1.9885163278431308],[109.17722959979834,-1.8235830594327802],[109.2554600176034,-1.5900361832598662],[109.69930347307869,-1.4873598244628488],[109.60899137851466,-1.8815710956283214],[109.84058654054952,-2.1432713271255377],[109.8679774348083,-2.701706644576502],[110.11264621557167,-3.2623527046396155],[111.55393041607745,-3.3159459391332478],[111.63861965746773,-3.70947668156637],[111.87331616123292,-3.8703273091033252],[112.28268681121837,-3.6514900754630113],[112.72430816260679,-3.7040881473560967],[113.11606502807498,-3.4597755441639064],[113.56098510678989,-3.748152999765232],[114.15996861521802,-3.6807125746413347],[114.30226665009356,-3.749499911325844],[114.40474898885383,-4.334591156953852],[114.64290269609316,-4.483412060422877],[115.77907571897642,-4.020097128701919],[116.08075421324932,-4.366635211809392],[116.5489096260841,-4.081199304014375],[116.70374381676824,-3.395471617104046],[116.59293839907423,-2.8443232993626646],[116.78849630518027,-2.68344594029555],[116.90276467422656,-2.24182850034747],[116.73765066107163,-1.766309943791937],[117.00945025367511,-1.5352009412229093],[117.07236757129193,-2.2288361683247673],[117.76640553507664,-2.69382907060583],[117.51335718644543,-3.437033707945706],[117.13955366897444,-3.8811176072846645],[116.94759418496358,-4.778496120292934],[115.98316550512071,-6.876956938068511],[115.57045912901788,-6.563309162755123],[115.18102502593166,-6.553201278344722],[114.97861964390447,-6.707142225926353],[114.91427720862583,-7.092606237509178],[114.2100235526694,-6.6939695890037845],[112.1418748206623,-6.601144262155065],[111.57155436087145,-6.333821651948354],[111.26985900599382,-6.361552425665072],[110.93443921706192,-6.103895550034596],[110.49056358090039,-6.260314564726937],[110.27530668912891,-6.572778145858766],[108.9838028381919,-6.549590654906004],[108.45355348842568,-5.961272870996377],[107.75213479779367,-5.938908171591752],[107.09588963700507,-5.618764539541228],[106.77381595066394,-5.784936393647083],[106.09399675081232,-5.584232297564389],[106.18653846467618,-3.6463898478760397],[106.3725211696365,-3.2703316366689634],[106.79484497659718,-3.376240469244333],[107.2507914534723,-3.158832214468195],[107.48699979580063,-3.505609729275409],[108.04933495542565,-3.53194739628431],[108.44661049173851,-3.321066305632632],[108.58837264014844,-2.792055637190706],[108.32966866823696,-2.411931324910228],[107.70501511425206,-2.2634762174877237],[107.13293446369963,-2.5611925084157092],[107.00572939014405,-2.3211136057059307],[106.63056682183088,-2.2122361699871447],[106.00601039231987,-1.208775647609311],[105.4519367378825,-1.2543488720586435],[104.88960061886337,-1.7946843556660361],[104.77340193180451,-1.737541077244401],[104.61146384096499,-0.8448222052505505],[105.30884036717157,-0.32125624882001014]],[[116.14836275888383,-4.693631968584262],[116.00954064007409,-4.483834864083389],[115.75981023011056,-4.453484772366587],[115.50870772671689,-4.875129183946614],[115.68150130195248,-5.0639052731436855],[115.94430564317214,-5.067304407718206],[116.14836275888383,-4.693631968584262]],[[112.41576960365703,-6.075707888999559],[112.9369574606293,-6.047455313751351],[113.02590433299792,-5.773651335173529],[112.75414408214462,-5.448553337182995],[112.29704113105217,-5.813610430059048],[112.41576960365703,-6.075707888999559]],[[110.83438094760007,-4.630975425327346],[111.1732430646872,-4.457608163090784],[111.09264356555795,-4.109394896813159],[110.38652081294806,-3.9209188534580957],[110.12330910641803,-4.024441582858536],[110.15729779250945,-4.447342007339637],[110.83438094760007,-4.630975425327346]],[[110.71542774365808,-6.0056029131283895],[110.62557064750503,-5.585750434405813],[110.1745033911032,-5.6822791204185945],[110.28945987993075,-6.141681728345007],[110.71542774365808,-6.0056029131283895]],[[107.19852644380786,-4.937714193843204],[107.0252786949601,-5.30150277550093],[107.39891156630377,-5.5024965000991815],[108.48065250435045,-4.93252509073208],[109.33908493859627,-4.704904933831889],[109.48568522570709,-4.3536328202101675],[109.11205235429932,-4.1526390955622805],[108.34172928965803,-4.594588816283053],[107.19852644380786,-4.937714193843204]],[[108.56955080458272,3.093392155102057],[108.75290914189742,2.363201497632436],[108.94511265112455,2.197134101526538],[109.40164391851695,2.4381610379229257],[108.97321140688321,3.2885895057024195],[108.56955080458272,3.093392155102057]],[[107.64254935804881,4.747014689277848],[107.70728186284927,4.498857542268737],[107.94535098897127,4.391709646256956],[107.68612994338257,4.04199470418938],[107.83096381552528,3.5528328421151487],[108.31816689228535,3.3800912429962557],[108.67790566270662,3.93045331060105],[108.46608766536222,4.42317538790965],[108.2133479215993,4.544283132694685],[108.27637526167045,4.911236898943903],[107.92463145695507,5.054914064659243],[107.64254935804881,4.747014689277848]],[[108.10403769785171,3.0579073755499624],[107.96143359379576,3.2721593089191168],[107.70621433038892,3.308633562503966],[107.45583446898247,2.9596786192319655],[107.8643510895553,2.691546877638411],[108.10403769785171,3.0579073755499624]],[[107.80759739842505,0.791764292697082],[107.81513185298856,1.2205287431437617],[107.57797169290012,1.3362086274359863],[107.33314790053778,1.2446594662475796],[107.35836631311969,0.7476457741077611],[107.80759739842505,0.791764292697082]],[[106.38142637241553,8.938492467370644],[106.33923036034085,8.476687931254096],[106.76347277346515,8.411165101645732],[106.92274564445344,8.686275751364061],[106.86676025310292,8.939626053325247],[106.63414438562249,9.054563417767026],[106.38142637241553,8.938492467370644]],[[105.41446748789737,2.810258095627629],[105.62705472828651,2.555638610264546],[105.94359002716728,2.649802469110966],[106.14332825858867,2.4481198458129523],[106.39691490263317,2.478525853016766],[106.53517993975917,2.693266372761824],[106.54267537732728,3.5329629317945725],[106.24163529488837,3.6638917665881126],[105.94696465485144,3.270812735546697],[105.53789531262026,3.319286440632418],[105.41446748789737,2.810258095627629]]],[[[114.04001815482918,-7.3120748695008855],[114.04438953515037,-7.310981029967264],[114.0453107961865,-7.312246167585323],[114.04001815482918,-7.3120748695008855]]],[[[114.02403804100088,4.896564392739641],[116.37218102194554,6.961591113578645],[115.71648056570311,5.91425056655585],[115.45795948368497,5.897400050864442],[114.97783702970297,5.557753651948231],[114.8921114725997,5.304433896280589],[114.02403804100088,4.896564392739641]]],[[[118.0186823822088,6.364006684449343],[117.48017775293661,6.985115084140901],[117.56549711170254,7.430216681973207],[117.27663879905745,7.633381335997005],[117.63761177281246,8.107317166019019],[117.7763459653173,7.5951739250461054],[118.05433976100653,7.469195465128427],[118.15916359438906,6.8725973407974275],[118.62586186549002,6.009905722723023],[118.0186823822088,6.364006684449343]]],[[[120.79333165895154,10.763809158416619],[119.90820815063319,10.856556842359092],[120.23904003260776,11.517945254594437],[120.9117035349579,11.152870064811497],[120.79333165895154,10.763809158416619]]],[[[119.61467578701044,11.742295780251116],[119.48659428132126,11.727884724100088],[119.59853504282599,11.78374074585566],[119.61467578701044,11.742295780251116]]],[[[123.44326176768206,11.239326637956912],[123.42143254097935,11.751078106788098],[123.49176198173208,11.81592459284289],[123.75383616355616,11.58927798685488],[123.53524346209691,11.494136667412981],[123.44326176768206,11.239326637956912]]],[[[125.33887516944695,10.80221798901502],[125.38965408750455,10.809396267541496],[125.38535854402008,10.728917927197555],[125.33887516944695,10.80221798901502]]],[[[123.18780596793509,14.362268639901448],[123.10434243237576,14.420419463728347],[123.24863255818553,14.387431465472336],[123.18780596793509,14.362268639901448]]],[[[123.49520661590462,14.350763839991448],[123.77278428637226,14.37948344279233],[123.83628336351687,14.11606577219328],[123.63121161366793,14.164311346255088],[123.49520661590462,14.350763839991448]]],[[[118.20461291515211,2.0423383791741263],[118.2499746847786,2.048606305162438],[118.26067096160816,1.9954570175786126],[118.20461291515211,2.0423383791741263]]],[[[132.05836047772345,-2.4418797057544985],[131.4044057015668,-2.4029883217703327],[130.72859283430847,-2.0453065649421647],[130.55993287209208,-1.4630316153468275],[130.86240849771332,-1.7203290184587687],[131.65001574067162,-1.806462631080669],[131.6907663830276,-2.059216404263091],[132.05836047772345,-2.4418797057544985]]],[[[134.9990083191868,-4.686390050245134],[135.87109039283987,-4.8011703430955945],[136.72129725670138,-5.210870775736106],[137.1935170899398,-5.235117900536979],[137.77105553500002,-5.580157818294246],[138.33009874811498,-6.679520774947916],[138.37157565532272,-7.150715915505253],[137.72661160756277,-7.527201314671567],[137.34113976500066,-8.383940197635605],[137.53952752946546,-8.709187143537209],[138.92231094675842,-8.704116365356803],[139.1969854467128,-8.42570576466587],[139.80555864345195,-8.431969465171653],[140.98687731241415,-9.489702781679355],[141.93061397553177,-9.47459821625995],[142.6695323976916,-9.727097290020668],[143.87020687690423,-8.921307381291173],[144.1081265849736,-8.58731602377014],[143.96413264245143,-8.27182470798325],[144.35983322093819,-8.05856433067367],[144.97653989341518,-8.11466396454117],[145.10401439664068,-8.406164190475257],[144.77697687064642,-8.653578832390293],[144.8562409862187,-9.013709360869196],[144.59442232792196,-9.506826285611355],[144.19314878650414,-9.59424619777866],[143.72347138856,-10.204318997313239],[143.84506152608267,-11.710416143895902],[143.59460070835084,-12.357486099501775],[143.45053031111158,-12.242696433184895],[143.50506553594357,-11.811836096186259],[143.14232601301657,-11.61511948467056],[143.05321819295872,-10.941318519334995],[142.56094969724924,-10.38840059992241],[142.57537222674225,-9.994219917755274],[142.13233783630753,-9.750547169014652],[141.83121383125507,-10.000693213870795],[141.97849109742535,-10.40995955025546],[141.67170990637774,-11.752218178262321],[141.30273834947573,-12.457232011708296],[141.3715796965101,-13.2572340477215],[141.16813189853903,-13.851049865735567],[141.35287708043444,-15.078128482814302],[141.00072870088164,-16.415238398426187],[140.6143378529671,-17.22810778756476],[140.04977517376014,-17.396421587766906],[139.80396169885194,-17.27515581318381],[139.87377156266652,-17.045513095138475],[139.72775136102132,-16.796969410971474],[140.0393769963362,-16.463703103831985],[139.8650523691335,-16.182215416544192],[139.1722913269574,-16.19966580623239],[138.87112378057628,-16.553878385973267],[138.33784730231358,-16.42558868567269],[137.37969312109223,-15.726308539415703],[137.04105505991475,-15.242961982272812],[136.48017943455798,-15.242856333517421],[136.0151985102729,-14.920721955093184],[135.91959870444455,-14.604277547081736],[136.09995382099254,-14.428478085256202],[136.99609976885634,-14.585610967439989],[137.2738792423782,-14.20178819409827],[137.156314495607,-13.597228739039778],[136.71974516125852,-13.411588084583872],[136.98273941988614,-12.686236180880934],[137.2822877373508,-12.37406325822752],[136.82956147410863,-11.518771458790248],[137.0362859440233,-11.0670463595216],[136.88790449621553,-10.769499800915774],[136.58029390484612,-10.774896835683986],[136.2632533036623,-11.235380819439351],[135.36984812649106,-11.797131825748536],[135.08751057775262,-11.621326689530232],[134.39377340010316,-11.723251493480038],[133.55462545546033,-11.165091912084183],[133.23541758884602,-11.274324959658522],[132.64196682251776,-10.671407420354617],[131.63024475571387,-11.034755989530378],[131.2255134868794,-10.908136539624502],[130.72316213279547,-11.075967894016905],[130.33187864595143,-10.886576312104202],[130.11507962673076,-11.030234355872956],[129.72742233165891,-11.856839643036366],[129.92410757918586,-12.062414183229189],[130.63075594110248,-12.087390556374672],[130.66995037937363,-12.111921140602764],[130.3771224036235,-12.178335661992195],[130.1322250084454,-12.63512548987708],[129.86909387459903,-12.792256341465379],[129.49456155950446,-13.740610893410407],[129.20306752151197,-13.94189147159874],[129.07361495369378,-14.30850285192623],[129.1596468685137,-14.544863216777912],[128.4129473980975,-14.476847465876359],[127.58116556560346,-13.689939477378141],[126.95352870007416,-13.457156695698847],[126.28563018290912,-13.66525734255804],[125.98033380086736,-13.608807750127589],[125.32106933000765,-14.18477529427665],[124.95151895108387,-14.222834678929338],[124.56546486468464,-14.944368917144313],[124.09711063728352,-15.10879017183669],[124.13977858449361,-16.002721701355203],[123.47309117524863,-15.89307260889505],[123.27408759116919,-16.223267816932562],[122.79816229060197,-16.140140821325772],[122.35382185370676,-16.58521776329159],[121.8865006710772,-17.169171117581474],[121.8817148880075,-18.06187734286328],[121.57790633775059,-18.273777536133448],[120.93165012449178,-19.272079357672816],[119.56766965230557,-19.755432361875233],[119.00280205800796,-19.68140026908139],[118.66070750493189,-19.995682263620903],[118.05635574509041,-20.071417432352895],[117.63049013597393,-20.364350099241058],[116.70355521666689,-20.24791163674186],[115.75403805692412,-20.84406861400568],[115.72321848187408,-20.541912634337706],[115.53141796100083,-20.379318190384424],[115.0901442445636,-20.635043067072584],[115.69027402400232,-19.860557298740023],[116.29682121539135,-19.534648180346302],[117.333085596515,-19.310859529191678],[119.42490098257454,-18.14766457975946],[119.73519337553006,-18.23486522473428],[120.46868830102,-17.8863024186519],[121.15033350597923,-16.997334419726197],[121.35282936621634,-15.793565948952665],[121.90910272782264,-15.173090458365818],[122.72640451294872,-14.620920248895763],[123.43545834602064,-14.388933154827143],[123.98138338712593,-13.88971471222214],[124.02135923279042,-13.596706935194375],[124.36081244324258,-13.265359063724187],[124.43371978532043,-12.685821362450447],[123.85187185099234,-12.27197914279275],[124.02024801498705,-11.806584520685133],[124.79472808952715,-12.118640548227226],[125.46044002427693,-11.764439967423108],[125.8355456309408,-10.964370945414466],[126.5122457252101,-10.901612072913618],[126.86126746259087,-10.461516560615879],[127.81504398843948,-10.306503106985135],[128.38346405510976,-9.81534823736345],[129.19663754828375,-9.938482890556662],[129.61609238398407,-10.204911740863308],[130.4873388184641,-10.25816406313617],[131.19482149565948,-10.030762283199225],[131.47770317246335,-9.629724466072906],[131.85649365605872,-9.587322093230108],[131.9963141716888,-9.602720895410467],[132.04412538573376,-10.046536731305405],[132.6834374712248,-10.183846754704582],[132.94241527645715,-9.476504633508446],[133.82221043440984,-9.188579856692195],[133.97913400243888,-8.986754787298258],[133.65962225296292,-8.432191043832159],[133.16940677857275,-8.497788232274928],[133.36058038511774,-8.173683417767256],[133.19669348317564,-7.6868661299060435],[133.2698060877295,-7.25311080404646],[133.60550646591793,-6.822475519221831],[133.7741075168348,-6.812274287684305],[134.00417231539532,-7.118655060932696],[134.7624752529971,-7.058092611151346],[135.1148822844746,-6.574713107497115],[135.05127075741686,-5.607823555883935],[134.78259026188138,-5.272144139274797],[134.79688692538915,-4.889407710697856],[134.9990083191868,-4.686390050245134]]],[[[150.6312631058642,-8.809764644080543],[150.73618554444394,-8.662330704967106],[150.7472217722664,-8.771180349581158],[150.6312631058642,-8.809764644080543]]],[[[143.83418453609582,-13.479763346320803],[144.15124139028063,-13.994814982658642],[143.94435609210387,-13.988999253637672],[143.83418453609582,-13.479763346320803]]],[[[145.72383206741958,-16.322789190268193],[145.9032130081238,-16.57775707930509],[145.86333493519476,-16.587851906214613],[145.72383206741958,-16.322789190268193]]],[[[146.21779756444718,-17.024900236958846],[146.41993995359277,-17.312220718404614],[146.56240284855872,-17.86969417156351],[146.94104389906605,-18.341233137077257],[149.4459554043015,-19.63123077502309],[149.71935482734187,-19.631465964581135],[151.1886878971597,-20.77974908041891],[151.63842543079537,-20.893085961322537],[151.9493427299161,-20.721608353928925],[152.54784482239742,-21.231090964881524],[152.48659419492827,-21.69284452906037],[152.7265729835545,-22.16750818055303],[153.03785445858682,-22.37921500139669],[152.98424936563472,-22.58672313753523],[152.61435138517044,-22.572338352811126],[151.90782889551602,-23.343601106857484],[152.34996141171277,-24.047042008308836],[152.9720661242463,-24.56349174888436],[152.8368012320222,-24.948885445567406],[152.00099100717492,-23.819184033738434],[151.66680479201872,-23.743425052547856],[151.44961238686957,-23.275119853642952],[151.119412436715,-23.15725535757066],[151.11250337339746,-22.607597345563725],[150.92217947660458,-22.184418692691406],[150.59648060340004,-21.93123381722091],[150.66481878998422,-21.677380605574122],[150.52979457044177,-21.460704856703263],[150.0992407758904,-21.362037105499233],[149.95165064753638,-21.566210875834948],[149.99752220109553,-21.846823551655582],[149.84869571640732,-21.843317392151114],[149.75426150171285,-21.39932733860023],[149.24214077666045,-20.760681718868224],[149.39340337255874,-20.397998358338636],[149.20477478725476,-19.857946481548243],[148.289312508359,-19.71276924374457],[147.57831899269868,-19.060913454279625],[146.9718107060513,-18.836630283537566],[146.93533882390562,-18.587862209174684],[146.65144325156643,-18.43733841099952],[146.38061695300615,-17.960794450001043],[146.44424492600695,-17.587080501175613],[146.21779756444718,-17.024900236958846]]],[[[153.45795804417256,-25.60235980969279],[153.58369310373473,-26.083326160560382],[153.41894170521275,-26.540662241693326],[153.50546596264743,-25.9431533421152],[153.45795804417256,-25.60235980969279]]],[[[148.21768931379154,-38.23387585309927],[148.05699037446536,-38.887435781284125],[148.51878762034573,-39.758191560882715],[147.97340962878837,-39.46309333627459],[147.71806796257235,-39.48134376075919],[147.45766662351326,-39.881266892488824],[147.7241208072044,-40.53809631209803],[146.52289782535618,-40.85528506118964],[145.32280578612324,-40.55606726619785],[145.1588761953746,-40.188004026846706],[144.92177781623957,-40.08287700251204],[144.47000319328222,-40.30713674845518],[144.30810904215602,-40.960111224226004],[143.8627909662951,-40.55409571601778],[144.42236535527798,-40.078969004057925],[144.22401835163333,-39.38947429523432],[143.82813459369095,-39.316067475504134],[143.55765713796683,-39.819914926251855],[143.49415020481024,-39.46220998376467],[142.94689997033515,-39.03496099658775],[143.61678026736263,-39.1475165378244],[144.52739546962326,-38.594071964484634],[144.86169434436394,-38.79866882388502],[145.5926451381811,-38.90381743379198],[145.76255141858613,-39.16131858337001],[146.44138092198546,-39.44122138821007],[146.72653701771313,-39.05040882677547],[147.87461429291687,-38.27357933019662],[148.21768931379154,-38.23387585309927]]],[[[147.65687765422183,-43.51141790126548],[147.60846632752688,-43.56554494915342],[147.61556523099517,-43.4858996219473],[147.65687765422183,-43.51141790126548]]],[[[138.5598188285239,-36.857386512083075],[137.90855809990515,-36.79058864316633],[137.74164865453213,-36.44593386434972],[137.24779602848906,-36.377135002049364],[138.76803614569698,-35.90224456347303],[138.54224964620167,-36.164337728282305],[138.5598188285239,-36.857386512083075]]],[[[136.25213609410915,-36.017631121567014],[135.88250792522854,-35.58532851919272],[135.46458848440244,-35.37633094335928],[135.37222268537627,-35.05570535992986],[136.48841571378543,-35.478519441925634],[136.25213609410915,-36.017631121567014]]],[[[137.83684737148488,-35.41764807258804],[138.00988483100275,-35.28007085761945],[138.17989094112485,-34.781153531956186],[138.1646832812462,-35.18067631756937],[137.83684737148488,-35.41764807258804]]],[[[136.67168633062016,-34.92409085386164],[136.33029345410023,-34.728333017858006],[136.79259207879664,-34.1516529999127],[137.20641104709264,-33.98431457983705],[137.04943389515833,-34.60236180449814],[136.67168633062016,-34.92409085386164]]],[[[134.83575482717586,-34.72178987613644],[133.87845156209917,-34.6115611464773],[133.64390918085917,-34.32616472832874],[133.35225030779927,-34.410448230718195],[133.2206343135271,-33.93312673749011],[132.60868137713882,-33.75738913573319],[132.8124629294279,-33.48823878120648],[132.6449837810519,-33.20412034775619],[131.88900931745417,-33.236212016294566],[130.93130575906133,-33.03014586298335],[130.5405278903956,-32.782363198711415],[129.64380753035195,-33.05909512615049],[128.76571859582728,-33.016192067194105],[128.51789612831527,-32.85667333248184],[126.0333045606007,-32.954408658149205],[125.2085798173986,-33.632117907039095],[124.60813410693092,-33.89340071242162],[124.7038267391317,-33.15101956791797],[126.06845917188843,-32.57337004999992],[127.32168754024977,-32.57155616605717],[129.0540112947196,-31.985712780619725],[131.11728341113388,-31.784912190718757],[132.15295597915838,-32.321893006201655],[132.72170490078437,-32.26252846684428],[133.57161701853929,-32.610949176544],[133.83289020028298,-33.114755728124884],[134.32561873530287,-33.50473814544821],[134.1759053731144,-33.71478076380363],[134.25318661699959,-33.981112585237284],[134.48640028696988,-34.083533026272065],[134.76143309872867,-33.946731836152125],[134.94649265429624,-34.08552650256272],[134.83575482717586,-34.72178987613644]]],[[[124.27841116328196,-34.03687902230659],[123.45864416023328,-34.39359906973561],[123.21938024406697,-34.38312557643065],[124.00847080501057,-33.91652900868713],[124.27841116328196,-34.03687902230659]]],[[[122.26011519936175,-34.341134890227806],[120.22751348243902,-34.25387682786156],[119.85954823324458,-34.386105883797626],[120.08494192421686,-34.220189983669194],[121.34498216742139,-34.11530214501371],[121.81079069350665,-34.11913828148334],[122.26011519936175,-34.341134890227806]]],[[[115.54162108687343,-34.833483769430565],[115.33607662908088,-34.774183835266015],[115.03991225217754,-34.577332063791395],[115.35796312823294,-34.658309664738255],[115.54162108687343,-34.833483769430565]]],[[[114.92386934995098,-33.22817650000731],[115.39128196728794,-32.32647566634277],[115.38801972081363,-33.17406149993386],[115.27566578286628,-33.292201105712536],[114.92386934995098,-33.22817650000731]]],[[[114.61673790854692,-29.61257877871671],[113.90867054748027,-28.688129713498114],[114.0467555659091,-28.46617728873831],[114.55622773791472,-29.22076245569864],[114.61673790854692,-29.61257877871671]]],[[[113.62364334611601,-28.144213815254044],[112.46896040503387,-25.685927137072568],[112.65214374467278,-24.67941833352011],[113.14533527271571,-23.996175062063035],[113.09545152755045,-24.461124415728367],[112.84445216852549,-24.71962382193399],[112.6549411207333,-25.798396056111756],[113.73087997580085,-27.438729125051132],[113.86940348088521,-28.15294045129233],[113.62364334611601,-28.144213815254044]]],[[[113.39175878614718,-25.166739984458445],[113.41763292386179,-25.226043234988662],[113.37604192474966,-25.243705690257585],[113.39175878614718,-25.166739984458445]]],[[[114.57871120558542,-21.546947766781244],[114.9072798348402,-21.25798485316431],[115.00807679928899,-20.93911049691257],[115.20445834157215,-21.142105365289833],[115.47467429778924,-21.098726734754994],[114.57871120558542,-21.546947766781244]]],[[[131.7531137003886,-11.655758165407267],[132.02691493839467,-11.812389165307778],[132.25615904165292,-11.810713871147481],[131.9586627107786,-12.003867990598724],[131.61813541448694,-11.994420254675083],[131.52113177501417,-11.845796824826452],[131.7531137003886,-11.655758165407267]]],[[[109.11562035149478,15.50129152369899],[108.84516945358824,15.673676371613187],[108.54262188534025,16.368370080909546],[107.96164536419009,16.585370280153835],[106.79770374439839,17.697364065452383],[106.6935496873046,18.275381590581482],[106.29169796195248,18.50288262847441],[105.9468777136963,19.02484697420895],[106.19655183421293,19.710471342565178],[106.77551207034561,20.013805095193284],[106.8513763398714,20.366996082322963],[108.01116997390373,20.75195295095913],[108.21939466661247,21.201103564155563],[108.84988300363334,21.321722774061897],[108.84708844417563,20.85451696010618],[109.0995362542821,20.72206144804198],[109.36999223141848,20.85587030153424],[109.58716907311032,20.283913245826096],[109.09113704764609,20.149546947080086],[108.8700655230841,19.787144368921574],[108.38092713513683,19.446626399033303],[108.39655068885531,18.43243365902538],[108.57476828624526,18.236152944731437],[109.67826708187863,17.893118632301398],[110.75045917556915,18.577464047360074],[110.79365940742532,19.090208762986265],[111.31410966983366,19.533067857606152],[111.29753653250344,19.786826702056118],[110.82867141769356,20.422512148602763],[110.90687156809258,21.12248895731543],[112.21284675204154,21.418280231226767],[112.86987774132307,21.28835305532316],[113.1308435129025,21.609190621409322],[113.55851331350823,21.749153171822172],[114.44452925997463,21.780617505883953],[114.58723403400141,22.161289888834215],[115.20972406066278,22.478596189434576],[115.61735602200329,22.37130993443023],[116.27330823643254,22.670020855720047],[116.62196526271194,22.66768998230654],[118.81251403884006,24.3150157205119],[119.30699426554074,24.882146097855106],[119.66118863476201,24.889971808656043],[120.05198721640764,25.242566883445164],[120.14562152118381,25.48446557298414],[119.94170398368662,25.793185628568462],[119.98896867994716,26.062794520979843],[120.87555423287576,27.218608877067812],[121.32616647651786,27.250982839856842],[121.48805041438393,27.870625481409803],[121.86394912889376,28.114089900495436],[121.84728244777504,28.54753068989079],[122.20720123277755,28.936097949144184],[122.27387080255063,29.37579297136374],[122.67170715350174,29.716958454329394],[122.60753388757581,30.058510542674167],[122.82990956925671,30.731088190583968],[122.67092023535164,30.96983677876438],[122.266376581956,30.99413664837306],[122.09237072976066,32.082370959713806],[121.16869427412166,32.85214087985581],[121.17624562437926,33.12001553325055],[120.49313020545883,34.496998057825294],[119.58192482452456,35.011448207440225],[119.85004084482108,35.35522357695912],[120.8079985939179,35.876688477613726],[120.95015529515193,36.156704328558256],[121.46326894265354,36.48676128703108],[121.94000147830735,36.61311738961541],[122.37491883943825,36.52804386422561],[122.77945396040175,36.77154349617461],[122.9854271825277,37.36880969646581],[122.90603908464226,37.61612937922782],[122.14805072663829,37.861582730925974],[121.64052614855618,37.72815144262806],[121.04064749821315,38.02028947133686],[121.21831191147146,38.43505906288168],[122.55728827838355,38.94514445648623],[123.29937983682034,38.76324327078783],[123.4954492971227,39.04365749402727],[123.29550793528722,39.36877423899586],[123.47623047399121,39.51902931634225],[124.29779260822451,39.507269911763466],[124.54214309271957,39.135124266410756],[125.0862728013274,39.26777246814682],[124.838813329246,38.83360016889537],[124.54162363368245,38.661803871469004],[124.33733252112995,37.89212456842376],[124.63297952546887,37.520761134394554],[125.8347902313328,37.39785486204232],[125.8383436400935,36.68388790588899],[126.2282323038737,35.90864700387198],[125.99963058458759,35.745474091638336],[126.011029592873,35.40073921471411],[125.64363991141082,34.923049779994976],[125.41319325855085,34.983280263776564],[125.15053946527529,34.823875356371985],[125.15222514005153,34.4664670701367],[125.42707921153008,34.32918092010513],[125.69662012304144,34.50394983342689],[125.91908863222955,34.00996345144478],[126.23511385786279,34.02765327748013],[126.48768285597522,33.828653320623474],[127.02057074974002,33.888961739911664],[127.33489688063949,33.705980740953805],[127.57773129642511,33.84650047053606],[127.59348790056663,34.13579466033754],[128.06359884110026,34.365519719289615],[128.7140522509894,34.434802999101024],[129.04114331228257,34.7490651427306],[128.9333031207725,34.00191210809185],[129.10772974575798,33.81084811333572],[129.35673702119638,33.82201024455365],[129.24968716487334,33.57552194696546],[128.90948321592657,33.50684722177613],[128.6943244415457,33.09724225303399],[128.14239059031306,33.263004931143094],[127.78172961846205,32.76613796969753],[127.76805602748657,32.50771663385029],[128.15076556340918,31.927161265098125],[126.4136625042723,28.32221164734663],[125.89364752377408,27.892011739754928],[125.47191439186727,27.14228107181785],[124.59615875395035,26.79089347616357],[124.30892236460332,26.249731471067516],[124.02654301865604,26.244038672894888],[124.27611943255907,26.507087228210533],[124.20660580620081,26.80689343033998],[123.63029869632817,26.89367192650788],[123.38045168338563,26.38834172890452],[123.5610050519071,26.07392008518129],[122.8123694833377,26.051787896033563],[121.9487796621774,25.68698487939967],[121.79752868177849,25.480305243021213],[121.46389888414237,25.57768038152239],[120.87433592781713,25.286404990101754],[119.8791791349971,23.761857426755974],[119.56702145991187,23.979184679770427],[119.22061026415639,23.772808498376467],[119.24763666347995,23.396593930546562],[119.76003258137887,23.263502533393126],[119.75580425971111,23.056728123570352],[119.36239555072787,22.825366521466208],[119.18861081362058,23.071724430390265],[118.80303668305329,23.097342170065644],[118.64384268738952,22.892530659290596],[118.70104722171172,22.55284871441489],[116.0678605447236,21.805646942556237],[115.11681895145523,21.013121904127118],[114.67084203120895,20.385742032425526],[113.44493139949996,20.289709844147957],[113.01620396473402,19.821965437642366],[111.870272487981,19.16885787876504],[111.47920939809013,19.16225336628024],[109.21206824763865,16.815257996529986],[109.11562035149478,15.50129152369899]],[[126.4948700743368,33.82059298271431],[125.91157924140624,33.467253710636435],[125.98774401336571,33.055955874097585],[126.63019654239969,32.941514905383144],[127.09492232570555,33.151105466959834],[127.13403716277817,33.709253235850056],[126.4948700743368,33.82059298271431]],[[124.95698417477362,33.804862374118855],[125.37252882402319,33.86453913144057],[125.30563587827683,34.306982104656996],[124.84519595184516,34.25337962772841],[124.79958127065461,34.00314153447372],[124.95698417477362,33.804862374118855]]],[[[109.40567690556203,21.14498464118233],[109.44407481841328,21.163923807506045],[109.41711708401152,21.110089676676413],[109.40567690556203,21.14498464118233]]],[[[121.75712654511112,30.360031228926438],[121.64635416703699,30.4772324876207],[122.0331750275108,30.61619527278902],[121.87211354884647,30.51369657493981],[121.75712654511112,30.360031228926438]]],[[[120.30697024793105,38.02237583238654],[120.00860341188606,37.90114916424107],[119.6639159278274,37.456732904061695],[119.42704369104568,37.46697136025577],[119.5469214823757,37.8021312683539],[119.14397885652332,38.326142761881734],[118.16389457392904,38.43837386997272],[117.87802294943616,38.66853847531355],[117.98964336093337,38.8889631254951],[118.45940681803367,38.63554626747288],[119.05357400937116,38.85906114640645],[119.49961981794685,39.18025048885604],[119.69753890390311,39.629373189133915],[120.61858505046078,39.95254244608088],[121.30371774840923,40.61165110936081],[121.7295373370492,40.549454632277],[121.86616956504967,40.449453359252374],[121.68802979635957,40.23682017726764],[120.95874962190888,39.66991373419482],[120.8554498262149,38.68882565201332],[120.30697024793105,38.02237583238654]]],[[[130.61259808739786,34.16686515554899],[129.9932882885144,33.8740812170837],[129.88303593114898,34.09964776029109],[129.6476295002058,34.16800408948012],[129.76409999882247,34.76287874699083],[129.34734271343368,34.94779379881592],[129.70307751377356,35.42840162365334],[130.62929083141995,35.17892649008647],[131.35170225900399,35.47188355267785],[132.1614411283252,35.32339116126284],[131.31954883006188,34.724705082272095],[130.78936056786603,34.675037983404906],[130.61259808739786,34.16686515554899]]],[[[133.29597262876777,35.83625581113574],[133.44687358398573,35.886610715486256],[133.47131858336238,35.771193186783975],[133.29597262876777,35.83625581113574]]],[[[141.45878861523428,37.975669513215344],[141.30726765031142,37.3669384032362],[141.29923294771476,37.35689538987241],[141.27303311554886,38.019064957748654],[141.45878861523428,37.975669513215344]]],[[[141.43092050944793,44.379477376854496],[141.3888072138101,44.5477112755405],[141.21565702272318,44.82869585331077],[141.40056337857365,44.86512034694885],[141.43092050944793,44.379477376854496]]],[[[141.35842356589094,45.51783357161713],[141.44660427905293,45.95497331940691],[141.68285256501318,46.08064561260392],[141.80436397867993,45.79485120553517],[141.35842356589094,45.51783357161713]]],[[[142.24196588173336,45.64540730251608],[142.75678419949142,46.38148972084474],[143.09551173956842,46.307858091829246],[143.16769800220635,45.88054587518234],[143.40067687592648,45.72670519424973],[143.46562746883373,45.059097077242775],[143.88271691247732,44.71682924611628],[143.76034548442337,44.46821395611514],[142.24196588173336,45.64540730251608]]],[[[146.30504882529232,43.821298407629286],[146.12544170538345,43.88331089630429],[146.3923543471285,44.02036085912279],[146.30504882529232,43.821298407629286]]],[[[143.47555590737883,47.12884333218279],[142.8867733261857,47.83829883709008],[143.24230922522287,48.87862833864696],[143.94218247181732,48.969099217143416],[144.54549240748676,48.38692482768483],[145.07600862601706,48.394544045928924],[145.13076136220425,48.041442304599194],[144.78978144574614,48.169287486724556],[143.48990649876566,47.670467017715644],[143.37103347407384,47.45001728675806],[143.47555590737883,47.12884333218279]]],[[[144.82507007069216,49.1402100296933],[144.6197168061856,49.2768705924795],[144.22792336962542,50.09147176438725],[144.7246100207407,49.63733867593432],[144.82507007069216,49.1402100296933]]],[[[143.9671619670762,50.797068136474834],[143.95992815047126,50.82334632847497],[143.97335403490888,50.810094676872104],[143.9671619670762,50.797068136474834]]],[[[143.79392496719757,51.410338608364896],[143.42368442032893,52.06820603685359],[143.66005471907496,52.8881954884412],[143.19782620723132,53.853364774685865],[143.30122454746478,54.20213914061957],[142.8431023738016,54.70058212547222],[142.1024810195911,54.5233281103083],[142.0238011120587,54.19725894630926],[142.31378621536152,53.895161682821225],[141.54454286093812,53.57044027501937],[140.72623582832466,53.90421574500111],[140.42953615427209,54.28995862129165],[139.9064539152986,54.5698668190697],[139.57252905589192,54.565206264425875],[139.3608965106045,54.901066931922124],[139.0418166223347,54.83143968592027],[138.91541916174702,54.55710517369843],[138.49773769662062,54.55910710727683],[138.4759250507834,55.17930583888425],[138.05300410545402,55.39152843847135],[137.1294571860543,55.40102290828681],[136.5356107101623,55.215122452787185],[136.3708040985803,54.91599255626254],[135.850636792226,54.87888000528216],[138.38454519687667,56.17106527508385],[138.51554264348778,56.49209111135527],[140.6461697170692,57.58522152255871],[141.08825384774246,58.12894198910507],[141.7376246041444,58.3602268473154],[142.39757995866574,58.851120299856895],[143.20848116875257,59.081542313474564],[145.55448003861898,59.111549625311014],[146.03754606172123,58.83914360616168],[146.44998603310884,58.90817316905192],[146.61883659909532,59.13129668339632],[147.53752252678714,58.93766659877257],[148.2207229127554,59.09964137865824],[149.05008095120323,58.86988603871501],[149.38191716415534,59.028774715492915],[149.51103823897216,59.44842448184449],[150.24465115519646,59.33816027472329],[150.18237250554307,58.926229004480945],[150.40611862290092,58.71149327676788],[150.93323208198623,58.83173373494775],[151.3157739296065,58.534964736459656],[152.39740548269003,58.73736329254459],[152.93090841056514,58.60523739591542],[153.5995067080359,58.94431155914434],[154.077297373031,58.75417025317747],[155.76905264844535,59.07156210761786],[155.900007494632,59.32444003121295],[155.784913294865,59.55570260675785],[154.75856508790042,59.786993590628285],[155.1087957774956,60.10429526676601],[156.04045251100854,60.43171241234841],[156.21671405035784,60.706530729364914],[156.81433794860072,60.94259045664861],[157.10040925417226,61.35742789288528],[159.28866525329758,61.5711056213309],[159.50123093421274,61.36287524126954],[159.55620593562008,60.752893923748154],[159.88130651917334,60.64078139823829],[159.9638279592764,60.37673970568418],[160.1954557190642,60.27855741175332],[160.91649483203582,60.44492341263076],[162.4666631011585,61.356742503580854],[163.0306481906536,61.21688239844666],[163.4567825973857,61.387863368925316],[163.1913701835567,61.04884860987069],[161.80620739665545,60.686016451218485],[161.63176903161363,60.4104223844215],[160.3325367921115,59.8031650049597],[159.61794164220302,59.33212756826557],[159.0585094845236,58.71791371596846],[158.05603670493153,58.283676875973505],[157.57919992017955,58.31881447001334],[156.51527639796086,57.91759516585861],[156.45521085953374,57.66899617652945],[156.61034082329581,57.42688422842409],[155.6973284206816,56.78890166592694],[155.25210817527812,55.3078213333312],[156.08030471579218,52.005170228310206],[155.28884128444116,52.404732344748844],[155.05631914993157,52.73904731177737],[154.98486228651163,53.536082691806385],[154.70174567851296,53.92044979609462],[154.68185199196034,54.28763567363063],[154.94334198921533,54.69761271718108],[154.51792353233955,56.266894228803764],[154.62456632125222,56.71282925704318],[155.60489351439043,57.146743287189075],[156.44686757179772,58.355650068422044],[157.22736608325107,58.790708405824105],[157.33487768802198,59.24460424470991],[156.949576183234,59.47949988006131],[157.36828005897877,59.49040835644976],[157.63406953967353,59.77311292611398],[157.69169371972868,60.02210866440471],[157.53648863229188,60.22516236333116],[156.88553255733927,60.20294512632123],[156.57218384281808,60.03209345239898],[156.4535995165218,59.747818479162106],[156.66061566835998,59.50499418183823],[155.8100751767949,58.94081696918768],[153.27823043590539,58.4926753713133],[152.41769371644523,58.1061473946851],[151.688755543102,58.275773403106655],[150.43632581408522,57.314536336873815],[150.14246608195342,57.8609124704157],[149.81407736816607,57.90821010871462],[149.6430707991355,57.653269239950426],[149.77319197516312,56.84742384435841],[149.48095458039518,56.62116911760136],[149.50983797377862,56.30898811221895],[149.010748999811,56.32678897243855],[148.85498292683667,56.55195918961136],[148.53531315742558,56.61195338178631],[148.53980711415218,56.91407999879369],[148.26341749249556,57.12785388108187],[146.89222783893297,56.831303494630255],[146.5687219494311,57.01876231096961],[145.7517328333002,56.847615567792495],[145.76917150531315,57.26757870780497],[145.5479213671037,57.40139887273844],[145.28114340700236,57.315591773660735],[145.10153584408704,57.84153288668555],[143.95249822420408,57.97508180443673],[143.78327392560462,57.756122468821964],[143.7473427062156,57.05192481259273],[143.3896011702172,56.68525580100321],[143.39530844382196,56.38778565790155],[143.06020836791114,56.3404125195333],[142.6509719413156,55.75249630698078],[142.71490822546704,55.25625160165947],[143.4232732997829,54.744338400303604],[143.38363857855094,54.33014773151513],[143.6321337440249,54.137021570239405],[143.54613057154435,53.435632633087124],[144.05986414787762,52.1561784893627],[143.79392496719757,51.410338608364896]],[[139.5398322572108,55.94510561468525],[139.64559683750915,55.289448008586575],[140.12926649988626,55.23782292867367],[140.29534686613235,55.54713337741086],[140.2685328757443,56.105612590910155],[140.0287335100874,56.307059943346204],[139.77743429389554,56.28396800881099],[139.5398322572108,55.94510561468525]]],[[[141.4534848541499,51.558999295467444],[141.93861135078038,51.09556314461347],[141.74310616208092,50.58336774390784],[141.79934417855952,49.78479789025874],[141.15600206636196,49.77106831607628],[140.69780719621025,48.99455094636934],[140.79360942030127,49.78258514212426],[140.99080150845603,50.07153678142653],[140.75822759849146,50.48630939296601],[140.99669934763168,51.180431518530796],[141.4534848541499,51.558999295467444]]],[[[141.73554389947756,48.283646956954726],[141.85431365719703,47.99620965907995],[141.76492624345363,47.85563761732176],[141.66991307569427,47.98010439695701],[141.73554389947756,48.283646956954726]]],[[[131.8135466417806,42.68779023474475],[131.68721895295144,42.67336124317167],[131.7038375024832,42.69516181510486],[131.8135466417806,42.68779023474475]]],[[[127.8377871407549,39.58946646705703],[127.83740987477033,39.588364547613196],[127.8373311245461,39.589186687521234],[127.8377871407549,39.58946646705703]]],[[[138.38669192004298,54.45186153698945],[138.35744192259634,54.207963059960264],[138.15076254709416,54.05046128746773],[138.05429864510265,54.19809829661991],[138.38669192004298,54.45186153698945]]],[[[137.16870300448568,54.483558361229264],[137.12028148894063,54.47097390845643],[137.12076732739493,54.497231069924446],[137.16870300448568,54.483558361229264]]],[[[156.2085802226432,50.152153261302345],[156.17668380043094,49.98141868107502],[156.04834143612737,49.91599435948331],[156.0081885348077,49.97956732246891],[156.2085802226432,50.152153261302345]]],[[[156.93838705210965,50.68389197363548],[157.4062756665383,51.00324702074788],[157.1654461575224,50.74581877496532],[156.93838705210965,50.68389197363548]]],[[[163.22901279836805,58.07389907304267],[163.0786371954114,58.38744665139608],[162.70359749984635,58.46364682483992],[163.14672286816761,58.67317080907067],[163.32712335536036,58.19262832959266],[163.22901279836805,58.07389907304267]]],[[[164.85570328610106,59.28121132224666],[164.5930673567061,59.53764853097389],[163.61213234730468,59.28713506462591],[163.58773193725412,59.40597444694266],[163.8380547197032,59.68728490229536],[164.20309081409528,59.55446027152149],[164.46188641359637,59.72713352855393],[164.759512661604,59.498042550058564],[165.08305139711658,59.57907727346373],[164.85570328610106,59.28121132224666]]],[[[165.1405028621031,59.61045085620799],[165.8356747576231,60.04662220404356],[165.83494893872245,59.77428358037035],[166.12610825906012,59.43928957207286],[165.90621208337365,59.390204048815406],[165.66303504236205,59.62623499041388],[165.1405028621031,59.61045085620799]]],[[[167.05210100433717,60.0706599387375],[167.1385537058225,60.13685282586279],[167.39940810553526,60.16080617080357],[167.05210100433717,60.0706599387375]]],[[[169.0756400566845,60.31472867382001],[169.13532679764103,60.32020949797362],[169.1703882683855,60.29657314636994],[169.0756400566845,60.31472867382001]]],[[[173.3740542502575,61.17836459968087],[174.17835280664542,61.54811848352287],[175.21346303989148,61.7247876546818],[174.1217185334651,61.19330723918964],[173.3740542502575,61.17836459968087]]],[[[175.29171709823518,61.746157054869556],[177.25691668282414,62.28634343867748],[178.8404755809493,62.02657663643573],[178.81491699771456,61.76569023609983],[177.89227498719373,61.848029968875885],[177.58299179283293,62.18794603263595],[176.75601229433846,62.139756361915886],[175.29171709823518,61.746157054869556]]],[[[179.319683853888,62.09788459211916],[179.39193340884958,62.284588906374594],[179.7,62.461200541699355],[179.7,62.2519413535685],[179.319683853888,62.09788459211916]]],[[[179.7,63.04063891545553],[179.62539607394837,63.342643379316],[179.2212290039758,63.531123330755435],[178.72460886703223,64.32943846373716],[179.7,64.65128834333667],[179.7,63.04063891545553]]],[[[150.1437932702777,56.82973900522583],[150.14777415062582,56.830324990467204],[150.16027268702211,56.81481588536644],[150.1437932702777,56.82973900522583]]],[[[150.17941045813134,56.79398953888451],[150.45839751028933,56.6415048657362],[150.44344954805052,56.59411123343409],[150.28165239016715,56.58425220192806],[150.17941045813134,56.79398953888451]]],[[[143.58675694877226,56.24785457990269],[143.73556306826572,56.204216937510935],[143.657631068264,56.193326428110645],[143.58675694877226,56.24785457990269]]],[[[163.6193809337372,61.722869995287766],[163.49258291030887,62.05459899834085],[163.8333944026246,62.321207390232324],[163.76428326488013,61.84148724009849],[163.6193809337372,61.722869995287766]]],[[[129.3627154735705,32.8091317128956],[129.35458732227426,32.81449665709367],[129.35696854291135,32.82323714116177],[129.3627154735705,32.8091317128956]]],[[[123.84080259572603,26.09800625810005],[123.8770792991807,26.07797070885486],[123.80153151605181,26.07700253241699],[123.84080259572603,26.09800625810005]]],[[[99.11906180966395,-0.06070065616746641],[99.10551059886645,-0.06249463076113325],[99.10927807527207,-0.055996962839823326],[99.11906180966395,-0.06070065616746641]]],[[[98.60947280772457,0.4377351420190118],[98.56755308349426,1.0363411123371244],[98.7703785943946,0.420234054163369],[98.60947280772457,0.4377351420190118]]],[[[103.9669882599918,0.47685186519778106],[104.11116184739855,0.37672990880724605],[104.16069754389052,-0.07246691212204051],[104.04033276569922,-0.24921448254768955],[103.9669882599918,0.47685186519778106]]],[[[103.7929903169002,-0.6647218616333843],[103.9863007896813,-0.5961159768257208],[104.06686372059707,-0.754430760326385],[103.7929903169002,-0.6647218616333843]]],[[[97.58997007244507,9.592350399935155],[97.67899918484453,10.281122513180241],[97.88143187198338,10.131658094697453],[97.58997007244507,9.592350399935155]]],[[[97.62994260835376,11.051068951576521],[97.53100454619158,11.48274474711311],[97.73778455341024,11.583174672835515],[97.94742693469586,11.218961111262287],[97.62994260835376,11.051068951576521]]],[[[-16.896208336824618,22.50805746444649],[-16.445516588858606,24.02594391007244],[-15.683707880259274,25.23577818903214],[-14.895785910553,25.787305738512334],[-15.159870028711577,24.872030968147993],[-16.183326911626875,23.949734912038807],[-16.691904466916803,22.607673387092902],[-16.896208336824618,22.50805746444649]]],[[[-12.587866508779038,28.33134729810748],[-12.096543385146207,28.685215193303197],[-11.200184295012823,28.910439766591082],[-11.619414816386575,28.59984185104615],[-12.587866508779038,28.33134729810748]]],[[[11.97353009033302,37.432362865026136],[12.352507690687387,37.44752957123001],[12.439290513127375,37.31526327724582],[12.378486174745742,37.17848964775974],[11.97353009033302,37.432362865026136]]],[[[14.786347659102642,36.41741051663082],[15.061295189928103,36.356905252444996],[15.031299528982718,35.74334298696657],[14.710801640969196,36.053951946586935],[14.786347659102642,36.41741051663082]]],[[[16.667757782090053,41.50907430322701],[16.42782380436867,41.604975381034095],[16.489329415871953,41.834555200537984],[16.667757782090053,41.50907430322701]]],[[[4.2697268956507815,43.173115794108135],[3.6194878443188343,42.99657605325786],[3.346440670451769,42.723029150568195],[3.438176601420066,42.9772557227765],[4.018770675186354,43.23499164602883],[4.2697268956507815,43.173115794108135]]],[[[0.9229749411535759,40.391862474249585],[0.5756642490564895,39.98295706335273],[0.38801698672513846,39.906453922510586],[0.7393750909098393,40.33188821354344],[0.9229749411535759,40.391862474249585]]],[[[-9.288163101783038,39.83893132390916],[-9.276308821421898,40.26720334305274],[-9.147765650907173,40.423886437060325],[-9.168035810818886,40.051082941050424],[-9.288163101783038,39.83893132390916]]],[[[-9.01521676645416,40.857123512683096],[-9.036335721541445,40.97115193025035],[-8.962518640805815,41.114105358035346],[-9.01521676645416,40.857123512683096]]],[[[-1.7155805002709343,43.88577712000483],[-1.7938865775166852,44.93529528196],[-2.3620524902186855,45.37443357171021],[-2.8247421989502137,45.44722284786476],[-3.1270724235060436,45.820983405561144],[-3.1530528061644354,46.14617666531364],[-3.4682882805340074,46.308488164306986],[-3.7652325443382892,47.10595784767767],[-4.490258362873601,47.248999012133964],[-4.789044900816762,47.010975677307094],[-4.944216067394195,47.25155874302958],[-4.885735644092675,47.64753457842134],[-5.061562641287108,47.83385764612973],[-5.930649771260939,47.553907358462624],[-6.535740289893486,47.863519121987174],[-7.076013155025729,47.85910317397174],[-7.496439077361203,48.29638714173245],[-7.848931372429639,48.330100021157754],[-8.151561657316185,48.563481716552744],[-9.174485705050355,48.63070079482018],[-9.44547083081017,48.83769900287166],[-9.278627438726696,49.0370081224712],[-8.813594867124303,48.811110677612135],[-8.385876015944401,49.05950246900845],[-8.263996413037793,49.34225566879155],[-8.483346920973965,49.59247260377774],[-8.878509730898243,49.53752762429796],[-9.148388508715888,49.708026237653264],[-9.699778016952031,49.55814485432606],[-9.941306273602319,49.2944635531863],[-9.931204379839278,49.03301947714385],[-10.213978368713251,49.02815434580009],[-10.788792969315285,49.34774637104513],[-10.479287338063545,50.57957174082097],[-10.926062054078159,51.11689987066963],[-10.995718896160035,51.968290618989],[-11.554568812313855,52.63904966473552],[-11.544772459682074,53.16574805848503],[-10.562551338495282,54.01774720106105],[-10.436330211338205,53.26269894012332],[-9.957455601680879,52.87591539849812],[-10.233845499979395,52.50793422437673],[-10.710302944473678,52.33751788888334],[-10.660724395261008,51.69542368403577],[-10.334932419132253,51.34455161897584],[-9.862670448158017,51.14872398589421],[-8.482228863817433,51.31489695289712],[-7.501368388565106,51.80672372651857],[-6.203293250336448,51.93049015918863],[-5.69722861131497,52.91039642202348],[-5.867641599017985,53.78816800380197],[-5.369757512453804,54.06120515218204],[-5.131401071538922,54.46875062217361],[-4.924448651572218,54.34040948134111],[-5.045099758269507,53.905671468536454],[-4.6900616518988105,53.780976875851806],[-4.113188299456654,54.06244182526911],[-4.055068906717774,54.471477100636946],[-3.9321448338380534,54.47900207985293],[-3.3202958349012297,53.76373878101654],[-3.977399698671837,53.553085766900075],[-4.631936263719443,53.686520861001746],[-4.9350487348136065,53.481339761405536],[-5.024576028881459,52.64287366534802],[-4.819335074961795,52.49486223668731],[-4.415939274788535,52.530164269310866],[-5.431860450694651,52.180700403562795],[-5.588893124502676,51.9122456428725],[-5.453414724997218,51.51366631418979],[-4.955951027870126,51.296925765307],[-4.876825811302362,50.953820955246705],[-5.901182916602567,50.27940529021314],[-6.000203428070657,50.00011264946884],[-6.224017018138586,50.23800102662797],[-6.529640660490903,50.20382026719267],[-6.648080402913802,49.941545968975085],[-6.475302220564766,49.66385301891029],[-6.117811305352276,49.666613811796],[-5.992529352953565,49.967391043488156],[-5.811416282534458,49.77176543456252],[-5.205474437289791,49.65947531113973],[-4.866613430064551,49.919983611974196],[-4.044190317322523,50.06243193180517],[-3.6077384466551075,49.92571475136883],[-3.259088217743319,50.39618603083244],[-2.9225967135984137,50.42719549465155],[-2.4727724115884553,50.22828416482572],[-1.735995488723763,50.4088956294177],[-1.2630745096217852,50.282939563060246],[-0.93851674887693,50.46978319000798],[0.32819094718158726,50.45288239081905],[1.286928330004995,50.81676434110878],[1.2457712687466012,50.37014173749836],[0.09131579533554035,49.992202795243095],[-0.21797671828565054,49.591792521920965],[-0.9141137805796814,49.631128093987265],[-1.1935595432059292,49.98734264397505],[-2.2315836734123287,50.02242344264813],[-2.866537414441026,49.58319806206094],[-2.8002337408548987,49.258132412419975],[-2.4429792298513813,48.970003192483134],[-2.629626581568048,48.874089456339895],[-3.1334169840937918,49.17518379269709],[-5.213055298423426,48.754221751976665],[-5.405616305970086,48.58994433411232],[-5.390305643007458,48.311233881670944],[-5.005860574017074,48.16210880426538],[-4.900378420016994,47.79496598127473],[-4.4411495994178205,47.51531831496354],[-4.108994808359879,47.601507037399266],[-3.5254400897562412,47.415525824454825],[-3.3313937009424577,47.03458029098115],[-2.804954754824524,47.15646218887834],[-2.544765244878039,47.00047892810399],[-2.6808442839892592,46.757905314294064],[-2.589157242240775,46.49792840696313],[-2.1897998062577586,46.465837322505976],[-1.8507949430248236,46.1985005455168],[-1.4109643758337727,45.45854247909747],[-1.7155805002709343,43.88577712000483]]],[[[-10.261896572413326,54.496461464564284],[-9.089557123540711,55.46520086542398],[-8.68354464533606,56.698438379069366],[-9.080411775469166,57.64575194273757],[-8.933879129606346,57.851201341548425],[-8.745604623134096,57.54772631429798],[-8.449046219500513,57.53722027766415],[-8.252755310987624,57.80126212411566],[-8.413155898972672,58.08453893352966],[-7.470961594449427,58.50858702311706],[-7.272171611289184,58.74172162675806],[-6.45053735531884,58.9989485697697],[-5.977215085966378,59.38662331249091],[-5.356031607532834,59.387993662052004],[-4.747112353730279,59.691731953147446],[-4.295926976325514,59.70773054413702],[-4.09257988272999,59.92791376405764],[-3.029882749425253,60.134698566405724],[-2.4557862386321045,60.543508652935664],[-1.7366497462736992,60.75527647085113],[-1.9522359794877109,60.43089753657331],[-2.2979878740928457,60.36960003159249],[-2.3823780201325837,60.09827097249604],[-2.1173991393434233,59.822964824629864],[-1.6746159783005996,59.93431312401983],[-1.936411096223943,59.440831359213455],[-1.7722874468568557,59.24221542345096],[-1.4931150832073747,59.25051886178377],[-0.47178385259390326,60.4994102030201],[-0.48888624358938043,60.945277356349074],[-0.8969654183184826,61.144364654731646],[-0.7926994155572554,61.24430942329804],[1.2489151786662744,61.47310003052289],[2.7437846122455127,60.603643163118356],[2.931704830754319,60.369767760283914],[3.0066319606423484,59.5865579075084],[3.4694565056745903,58.451055999821854],[4.556213365680326,57.87832011507889],[6.50627331595518,57.31143907902788],[7.6062066515847295,57.21602293142453],[9.642042095875961,57.72014228478623],[9.300885572828081,57.458245358206725],[8.47417879794956,57.38466168892716],[7.999299794404409,56.97181183924593],[7.795295426579471,55.54257938046319],[8.1472135163897,55.2312899526126],[7.998977171911319,54.9364268127854],[8.079794278940161,54.4549268131798],[7.699263856943409,54.43344163718954],[7.566860676951943,54.0558998019836],[4.850821088796492,53.557549063275644],[4.480199503244673,53.24471763220844],[4.258142595340555,52.52694912486334],[3.159256952932736,51.629518802185096],[1.712060326060388,51.249423113590375],[1.5232507368526875,51.674751716867426],[1.822319622181391,51.901533180964506],[2.054732134970756,52.387967448516555],[1.928889512501906,52.92139816320646],[1.4818909812463195,53.17886859072984],[0.6335133368163156,53.26041290282894],[0.14734688345634994,54.31296303238749],[-0.43648014133642377,54.749388796723885],[-0.9904463436123643,54.884273202823536],[-1.4060846395632953,55.78380825633174],[-2.282076374447334,56.223393453675385],[-2.297071531174403,56.385385275437116],[-1.4848015235416003,57.35264775201502],[-1.591193091713305,57.795762386063366],[-3.2082704234278747,58.010086903524055],[-2.916214287314894,58.15861182184127],[-2.5044349639637553,58.85074451128478],[-2.1258680387658666,59.147936781379954],[-2.1181311993640124,59.40683246079654],[-2.3149010614974372,59.57526183133652],[-3.1145589134675618,59.62108361921688],[-3.583395991003211,59.28671073594836],[-3.731270358700104,58.850778979459484],[-5.104355394882357,58.90491880477271],[-5.62854265075808,58.446000671317215],[-5.74058385386058,58.14427725779332],[-5.871212051837874,58.13688628255449],[-5.95252805850674,58.62889142959397],[-6.179850470001205,58.79608596337546],[-7.277349634427336,58.432867427193116],[-7.410929087335798,57.958166196265296],[-7.82221462788362,57.707233263639964],[-7.852531134792222,56.902923077686715],[-7.653283837606969,56.66902527766693],[-7.2970566102017,56.69276476528583],[-6.883910720826972,57.164640265696704],[-6.832636347480475,56.85524816268465],[-7.166772494971927,56.72167756980314],[-7.278722230432026,56.462610987405604],[-7.126065905466098,56.225241478343],[-6.583064600396058,56.11520064562295],[-6.795178283598127,55.75163371176118],[-6.7382131182121165,55.494858911826974],[-7.378040411149063,55.68631125738172],[-8.34972147832785,55.45196572257007],[-8.79063527978008,55.17417868530349],[-9.07874315449521,54.5878815104368],[-9.820985183927846,54.63597549984491],[-10.261896572413326,54.496461464564284]]],[[[10.626134384976917,56.87536809004326],[10.752364828443152,57.02437675840951],[11.093132638089896,56.913425126054975],[11.467418346580358,57.18290810851143],[11.374098253966498,57.5557321848837],[10.91318345880398,57.59570174156915],[11.157675663930757,57.96388863230528],[11.675227219107006,57.19949897309646],[12.333905600806617,56.580403820252876],[11.796826745538876,56.26882089556843],[11.22357385016723,56.2923105239649],[11.167622234633905,56.662632142449],[10.626134384976917,56.87536809004326]],[[11.4681344046821,57.00728044819078],[11.217922296074391,56.63969675686182],[11.618048523576169,56.388012119917306],[11.891235665460423,56.55208132411489],[11.94045828724835,56.802438246942714],[11.779161890151888,57.000137330368],[11.4681344046821,57.00728044819078]]],[[[12.82393049832417,55.083028106300034],[14.394036775227447,55.17761556671446],[14.548508549585161,54.83377393602036],[15.26151508024107,54.75853693296122],[15.405043564762789,55.29337313249062],[14.638340955243166,55.67536907955547],[15.02778364450313,55.88178939024673],[15.926654144420453,55.7958763200693],[16.199399763760102,56.02465246194729],[16.502644864632373,55.92727551645265],[16.79331874732916,56.14988303472911],[17.39985245130549,57.284555710088426],[17.3020647466127,57.57278557310329],[17.004967209889955,57.62791994275605],[17.23535872711286,58.437584276104],[17.973874922949598,58.57234649069219],[18.15220134658705,58.33913063012403],[18.89096291783134,58.35371125509521],[18.96010758750504,58.200059856840845],[18.564484562049547,58.191684433751],[17.87899948651104,57.71521661287533],[17.800627761651032,57.23160009691566],[17.96081178698117,56.68044151748724],[18.23959492869107,56.639505371640624],[19.104572348209334,57.15137417197392],[19.189477192524485,57.535936498649036],[19.63658395571797,57.929259240638864],[19.561775089576287,58.56016459159079],[19.032890338865435,58.65148755752219],[18.848661459684628,58.91918324932909],[19.21125104249787,59.2343968723242],[19.37128415690952,59.892400388251225],[20.898829107235414,59.604791878557336],[21.28886186577526,59.87777736289964],[22.122787517623046,59.843642285651],[22.308299164444268,59.57431832514372],[22.90110043818607,59.51125162362576],[24.25016793469147,59.761925488386396],[23.361063784587376,59.491323727783055],[23.003926779345296,59.222975041987446],[22.657258530599865,59.38475842581327],[21.82463753795785,59.14008994824702],[21.775110900861424,58.80512771808241],[21.53502232399004,58.550795949921415],[21.690169114595346,57.860785029259816],[20.766888846240022,56.91995380266527],[20.76379997992249,55.747654554122605],[20.59392271172906,55.397568577517156],[19.838187456523176,55.230676521179454],[19.59583875778978,54.81707673318707],[19.309247844189496,54.67809014282566],[18.119671093540266,55.13653864497261],[17.26218071753968,55.039423194944966],[16.3760584818791,54.80501722357898],[16.04627905993676,54.54292613068249],[14.430025612509843,54.231808473761575],[14.004163222796862,54.382482339994496],[13.767628646242631,54.85012748758337],[13.234432858401327,54.964412761180334],[12.771836520737537,54.75348748388314],[12.82393049832417,55.083028106300034]],[[20.230300542286027,56.90142514843626],[20.652073219978394,57.387051217089315],[20.415851706306395,57.740978191178264],[19.87927010280885,57.66385488905422],[19.535860690874603,57.20688038149733],[19.723424290614158,56.87061312846616],[20.230300542286027,56.90142514843626]]],[[[20.329994744090698,60.56393041939418],[19.750004967157473,60.684838328982735],[19.227513317125048,60.15827570847721],[18.50717409745863,60.778922720098144],[17.62534238332192,60.84360656400296],[17.508312522515293,61.12461227253902],[17.788517420043664,61.5669793122297],[17.712209836978495,61.87350199993226],[17.951970252488465,62.217767563066104],[18.86673053161532,62.88271116025554],[20.602144927988892,63.44386310413442],[20.785041797257826,63.346694576212755],[20.76954415960055,62.54487956734889],[21.16030326971633,61.631123298556105],[20.91488554221071,60.72943384411219],[20.329994744090698,60.56393041939418]]],[[[21.61576351007105,63.526899927485516],[21.222423123127776,63.63711989108078],[21.20477959857697,63.930234739239765],[21.865922993360815,64.30162757259191],[21.885218682191706,64.56308213616063],[21.662633991673015,64.77553209519883],[21.912961179057064,65.16565288901653],[22.487891668163687,65.15823622194326],[23.339084974804404,65.51979404323724],[24.55231148781665,65.36220305994702],[23.514168826103347,64.34282453944644],[21.61576351007105,63.526899927485516]]],[[[23.479040974195883,58.194524949454625],[23.987834135158312,57.80032303792234],[24.056471406196213,57.44978479213945],[23.47706161023299,57.34173113896631],[23.39414585513435,57.512646120293496],[23.558945142539454,57.89577996459204],[23.23566887665483,58.12319041554203],[23.479040974195883,58.194524949454625]]],[[[22.92588904871089,57.79283325919338],[22.766850420391403,58.007242003872356],[23.074127177566755,58.08323784290449],[22.957927332945168,57.96173302314373],[22.92588904871089,57.79283325919338]]],[[[25.224324996751175,59.817879107562035],[24.734070581434224,59.884445875272846],[25.387990247957188,60.00688870395414],[25.43761744412284,59.96575720064788],[25.224324996751175,59.817879107562035]]],[[[25.940705404247904,59.921586752238305],[26.69555006157169,60.12995778846202],[26.747049851204835,59.83306442388482],[25.940705404247904,59.921586752238305]]],[[[27.206634595250346,59.782610164824455],[27.27765423178505,60.19908837215573],[27.580572891675377,60.211021576653025],[27.653702107029417,59.73353007600728],[27.206634595250346,59.782610164824455]]],[[[28.295038890518974,60.090545138244956],[28.135168195411914,60.17119423593963],[28.077807779894055,60.230609691846894],[28.295038890518974,60.090545138244956]]],[[[10.960799964885563,58.53003487793918],[10.88289013363645,58.67493365592405],[10.7350931946704,58.79717374309933],[10.897038632495628,58.74532189623423],[10.960799964885563,58.53003487793918]]],[[[10.579943231455543,58.9175980735218],[10.600063200750864,58.90354241021777],[10.603137959758405,58.89959478452756],[10.579943231455543,58.9175980735218]]],[[[4.162439414032638,62.3456746463211],[4.1483944409678415,62.35618914551446],[4.191337105077803,62.36771525813521],[4.162439414032638,62.3456746463211]]],[[[4.8093717223015195,62.30889832277918],[4.5109611950834845,62.45350460851825],[5.110240912768882,62.62040942267128],[5.6480947715365835,63.02850515262974],[6.5268280584271245,63.001464431933556],[4.8093717223015195,62.30889832277918]]],[[[11.160095077518326,65.26952262725656],[11.486996758148369,65.49262682694777],[11.54576679973255,65.40755152983397],[11.27384252291803,65.22722714256845],[11.160095077518326,65.26952262725656]]],[[[12.510584099115382,67.69414850544821],[12.279480837435717,67.60250337319432],[11.399234268060615,67.5182231817443],[11.753861638615584,67.73539849026977],[11.637967470619943,68.10862166753776],[11.974740214658281,68.20898258049985],[12.030367561618482,67.79857678683061],[12.510584099115382,67.69414850544821]]],[[[12.730051742118349,68.20456871654105],[12.647574716404087,68.40949252693396],[13.832097668540177,68.76248963553425],[14.11453444238396,68.66222663298637],[12.730051742118349,68.20456871654105]]],[[[38.203543509612686,68.77850363043768],[38.989487036565876,68.75164517327003],[39.17854426211425,69.1283912243413],[38.86658343551891,69.47714641572703],[37.695061041603175,69.67193966284549],[36.73102407804961,69.6118031550193],[35.94406661923956,69.96929940095856],[35.454676421179975,69.94409583538808],[35.35890363650481,70.31257334265386],[34.76898878541576,70.47960251766987],[34.96159885225183,70.78759569272492],[34.71661783008044,71.0956005721414],[36.20238476933685,71.11090698747914],[37.14273555521231,70.81420313537775],[37.395989222198025,70.48986075998098],[37.92473751127539,70.36760164779695],[38.11625313479468,70.1169453907295],[39.166551283623505,69.96977464404107],[40.205089200094555,70.18270351807567],[40.905310250648775,70.8937885531367],[41.34139806354947,71.01195778024963],[43.461752754668,70.98527899197656],[44.24913174398247,71.55982032004253],[45.27424530069835,71.77791070555317],[46.23552231174484,71.76478965415748],[46.85952742043572,72.09676439072396],[47.4609526071736,72.1096116698216],[47.69867699887375,72.42300384357715],[48.15720313092639,72.40674463112553],[48.33642562846457,72.2094078793949],[48.87614709384024,72.11479356852188],[50.922844691706665,72.36363037006048],[51.15749474385294,72.75095150797097],[51.624528804781946,72.7765600832041],[51.998175821293515,73.01154786788432],[52.21034118139547,72.98062265908897],[52.07731341558613,72.76545846335912],[52.13091866103999,72.380536519478],[51.45143662194561,72.34635040068389],[51.14461110970039,71.77025062002679],[51.226086387987046,71.52166782265446],[51.71884824054262,71.18174327263584],[53.22566265337709,70.57579247024417],[55.135066649611424,70.25439425576488],[55.635353541923685,70.40256657904348],[57.1080325348119,70.20572866420143],[57.584325941973574,70.33687300316745],[57.921889372035174,70.63144901147624],[58.27199173854169,70.53270603915065],[58.130345404702155,70.15735007744496],[58.51640632156316,69.76220736212365],[59.8855733941652,69.41765179321878],[60.22566207419197,69.07166457959245],[59.656781335601984,68.94471117325514],[59.4417374172809,69.37186633727177],[58.832797197015246,69.64026316799276],[58.54409401133984,69.54507308074406],[58.48051215324857,69.23629477985325],[57.273943415060714,68.86475063336803],[55.802158635735815,68.86437961020756],[55.72666507771738,69.11765690288041],[55.44195285222616,69.23901648681009],[53.84062433425044,69.27169497679239],[51.60181347591211,68.76990281226499],[51.10512168961507,68.79396464900911],[49.106605198556416,68.1686720738333],[48.50777034175636,68.22390621167213],[48.286672562941355,67.91452701888852],[47.630304933194644,67.80970137569521],[47.40623039244175,67.15307235837768],[46.78974953855831,67.08815266179364],[46.11974565720421,67.13773563246995],[45.66620848870927,67.44996573504105],[46.90452805767954,67.59864230173699],[46.98668948646925,67.89896174700482],[46.67420723964412,68.39826070130962],[45.633420589894925,68.80978265044851],[43.27900969037891,68.96417666408401],[43.03773276692288,68.77580668271722],[43.06970242438198,68.49700161188848],[43.86558314138864,68.1200132329301],[43.48180239191068,67.18369950156092],[44.07974835942518,66.87709465501857],[44.09233425277309,66.65529135277306],[43.89124960623758,66.48040576071526],[43.37587190755595,66.71679800093456],[42.979387463694124,66.70892262569926],[42.550324495870996,67.06831113532864],[41.52702236442386,66.45456917471256],[40.805089976835106,66.29954568119614],[41.36154565040385,66.57220248486148],[41.67667276952156,67.03522181153716],[41.23956882819675,67.90169272151468],[40.569452958182325,68.04940077560929],[39.866986637860805,68.45553060459461],[39.61107295097737,68.40275003766854],[38.203543509612686,68.77850363043768]],[[49.34837373172867,69.7980081153031],[48.17106723448009,69.51256173331234],[47.9312050050947,68.81236842684471],[48.68358380194467,68.4081323268992],[49.187656727940045,68.37444113459559],[50.149303151434154,68.65377738564706],[50.60204551097592,69.03432599794208],[50.47111342684875,69.36394709294481],[49.34837373172867,69.7980081153031]]],[[[34.00936539268154,70.79909369697755],[33.899748801180905,70.93427637786722],[34.22206890641955,70.9473273330619],[34.15894400520008,70.87105523809409],[34.00936539268154,70.79909369697755]]],[[[52.82226193859375,73.10431829804058],[52.56089055029015,73.06323538927256],[52.7337512226644,73.71515174172366],[53.332892809741985,73.73001397882793],[53.44050969826653,73.52835446593939],[52.94331388407543,73.34193800351278],[52.82226193859375,73.10431829804058]]],[[[59.64909957828514,70.53826588362159],[60.2316972218096,70.94492657449341],[60.872368969815525,70.98204011507502],[60.96847939033367,71.37222377556733],[60.723668152044,71.5805366290891],[60.10761431928928,71.42510117172989],[59.02819001811085,71.82858616648576],[59.65137907433107,72.13342911596268],[60.15851271781774,72.15743820212106],[60.27777916441378,72.54405603636862],[61.048661561733134,72.67955502291859],[61.96838741194543,73.17701895572819],[63.412040143326564,73.55471264965854],[63.91332245106542,74.04342951506092],[64.3436330107397,73.91480611417514],[64.70189413084232,74.03219827374257],[64.91385287134202,74.44588399577883],[66.53329189515378,74.2778563095844],[67.29127212605015,74.68532689936636],[68.19255067227093,74.6629362283121],[68.7047388111745,74.95975972888041],[69.17261685930254,74.95008136017825],[69.34076930818152,75.12935273729995],[71.26722183437535,75.14874793757933],[71.64289538977847,75.53521729485261],[71.48985796409791,75.9011847462229],[72.46856941916003,75.89198857305006],[73.50997681289269,76.57643417640108],[73.91905679706758,76.61823947315501],[74.0569757944954,76.90049731542007],[77.49454589279846,77.0313520206717],[78.6486727771702,77.52868246228572],[78.73848717539651,77.93475983280666],[78.6262272418392,78.16875484867687],[77.55505624777435,78.38429566257072],[77.37127433726258,78.76228938941976],[76.53464880441946,79.12573794182572],[77.76310502819729,79.24878235136039],[77.91291114316935,79.48616092895834],[77.7771572891055,79.76058921166502],[76.01879850734548,79.94672356662514],[75.75617701247741,79.59753706311393],[74.73812443067116,79.83775051821306],[74.51432838479134,80.2970684566004],[74.6941965049253,80.52394864215667],[74.68016501441309,81.06761361666587],[75.29146160234129,81.23592568146273],[80.09208997227711,81.3771628779454],[80.45672415511945,81.23941791071117],[78.89235329542791,81.13109664525524],[78.69995064119645,80.9632481039195],[78.70650599236225,80.70800519695645],[78.9653020598024,80.54274148822661],[80.51470357524148,80.65035980779284],[80.72870424679677,80.86934378075887],[80.6201365637999,81.17768689936194],[82.0026229175839,80.6554359792224],[82.00681256245426,80.3517026465319],[82.28124134963996,80.05853550715202],[83.37234633913776,79.77530160330313],[83.36855408025575,79.3092773874585],[83.98739685343192,78.78428363892195],[84.86435498622103,79.06030007619894],[85.02429624687325,79.36115472338422],[86.0965375393395,79.18630782650014],[86.25736857085606,78.96418878009918],[86.87958956816539,78.72534284508859],[88.16394316444915,78.61745466390275],[88.98797287970046,78.74926873785196],[89.13731407747566,79.13108696257102],[88.83663520504932,79.6105246510139],[87.5293947638422,79.82409380550465],[87.56232060233594,80.04486125822788],[88.79219608607154,79.94672627716595],[89.09573709609042,79.73401038575356],[90.3328810541219,79.77595970255942],[90.56536379659268,80.04120901907187],[90.38488739971989,80.3442497681946],[89.74586508803371,80.43081921084615],[89.74527435910792,80.75613974071565],[89.40737847865255,81.01476732882952],[88.70799618821638,81.05778779701663],[88.43768537134248,81.2217739516756],[88.48208414530043,81.35689781414074],[89.31129833750335,81.6332860902536],[92.2441197516702,81.4971366872721],[92.57420043711693,81.20811377607542],[93.87801625320274,81.49808452096696],[94.46097451459418,81.48646279485686],[92.96829524389747,81.28329722142695],[92.34206086078851,81.03244779192956],[92.19762374426723,80.78081844521247],[90.73865325240594,80.3339402031744],[90.57497832995257,80.13319088268342],[90.66942517792098,79.83642652885477],[90.53464315053617,79.41241072644273],[91.87656699658726,79.11107558259957],[92.04690301625779,78.85986648853023],[92.51150128356383,78.78043325451152],[92.88643673596289,78.82438924788576],[93.13194362072443,79.15511185423362],[94.0446667975206,79.1706398398815],[94.77550192807219,78.77103241787934],[96.66655139278407,78.61779260957871],[96.81159252238605,78.35082239895226],[97.34308824535475,78.34500250381136],[97.45425707308016,78.05803380482688],[97.97849348630001,77.89946882568324],[98.72383671008353,78.09283248223785],[98.76369661025404,78.52073794164106],[99.66789373539187,78.58306911177134],[99.02394966662857,78.21559024355945],[99.09074710788596,77.79977090931771],[99.89220729173046,77.65294759711031],[101.77750782145488,77.9159390971707],[102.14723872436467,77.70832918903399],[100.713667257279,77.13641181341237],[100.56053410868478,76.83362392109453],[98.7815682851156,76.79200219077647],[98.51938443412519,76.52136610877166],[97.82103340764213,76.40412273271981],[97.94347924460686,76.80025797137978],[97.71586791095017,77.04081570086973],[97.03722711636102,77.02700358667639],[96.76796399331367,76.64282334065135],[96.7124968721578,76.8707369473833],[96.88759870185815,77.17662663730047],[96.67505467892336,77.43161253091807],[95.1727107306488,77.30038723056931],[94.93463399194336,76.9687209732808],[94.55740669119986,76.80254579012082],[93.84052395321773,76.89799310286911],[93.5955609826359,76.7134403873838],[93.61776501821132,76.42409181956515],[93.04811915298335,76.3867164977041],[92.5618764949806,76.1059299080782],[89.20750427505885,75.8042890390702],[87.91675234773571,75.40324114740064],[86.95375902332633,75.45573034474545],[85.81118692603508,75.0125132039683],[84.99605503829473,75.03821861433595],[84.79848439811381,74.78484876331092],[84.20635113637648,74.69750661055603],[84.1194265769351,74.32191679146044],[82.2345495933641,74.40513593563244],[82.03144947807742,74.20708635395796],[82.07580065556735,73.93982689204266],[80.46990393700933,73.86393901738276],[80.04414845620713,73.54324876305553],[79.94901010587326,73.07395049348303],[80.34488814306381,72.8191883603492],[80.41171020856115,72.47840252537058],[79.76940962711227,72.61291839098385],[79.76931574106106,72.99588204244921],[79.16829729382883,73.40134726203323],[78.41226598848395,73.08739461088537],[78.28629916209562,72.8133930467474],[77.47985011329764,72.9148782176786],[76.68577323182049,72.58233677549123],[76.55447443311041,72.3017077243259],[76.04138176059172,72.21896383201495],[75.91590893317937,72.77952188736498],[75.34932600922562,73.11251767260944],[75.84445814955095,73.2082349400545],[76.03443408655059,72.91793248104644],[76.80028207382884,72.86234428420933],[77.0156725497446,73.04546294787632],[77.038437507092,73.52644625276284],[76.78311040202642,73.76527080220662],[75.55339577504077,73.84606222787517],[75.10625567524883,73.63417880149049],[75.00817430241736,73.36226367739745],[74.43483636223301,73.43177657860853],[73.90333432155494,73.23988534893273],[73.89171131861724,72.79466788472848],[74.72683409107532,72.38709690329604],[73.40644992915561,72.0974094504495],[72.72294363978432,71.42068780481087],[72.55272607075615,71.49192078960044],[72.64546196026781,71.71532678449827],[73.16655083179259,72.21342197165822],[73.01784547061739,72.9492129523305],[72.03209657791568,73.14401094173282],[71.33554927984444,73.73580646813835],[69.91923468301545,73.70132295698573],[69.71314692573849,73.53984140623524],[69.68058639772468,73.26921022549935],[69.36640311653882,73.25838051854987],[68.75655789181745,72.90080909466404],[68.15598603000325,71.93447710410449],[66.77611784443297,71.56214641239133],[66.18197610121899,70.98998195506819],[66.11043343400374,70.54255241360227],[66.61351839335146,70.14022541338691],[66.50110056906746,69.52974165984496],[66.7852559139272,69.22401200853574],[64.18314282252535,69.84493255382844],[62.59302126619376,70.00374357518166],[63.139889841281885,70.11777275315758],[63.23121243930997,70.4904942282615],[62.82982562066722,70.9061128974654],[62.36237023715774,70.91093794855615],[61.987799172586676,71.1032706967258],[61.17155595475482,70.78258890241057],[60.66361426185373,70.09044044467932],[59.64909957828514,70.53826588362159]],[[93.46487638755745,78.4437028020146],[93.29326880552864,78.18699390146276],[93.43911355250762,77.91482128783136],[93.96552066605219,77.86036506043209],[94.17842672809054,78.00318418998108],[94.07498730593304,78.41441350945162],[93.46487638755745,78.4437028020146]],[[92.33043061272085,77.41776254488322],[92.40705556096833,77.66606833648588],[92.23454725084478,77.89473933239964],[91.78647059980058,77.9179208308908],[91.59108038106537,77.74877987125024],[91.74927590756093,77.35227748712325],[92.33043061272085,77.41776254488322]],[[91.56711910233963,80.83564222796657],[91.8734264270403,81.15248356576717],[91.50601703262315,81.48821644285914],[89.86117032915247,81.47178033117581],[89.59983412263075,81.23298939549873],[89.8293617002111,80.88059225182008],[91.56711910233963,80.83564222796657]],[[89.64965806628832,77.60907489778333],[88.42995693133385,77.26818627382279],[88.37099828217691,77.01536471536208],[88.76639883285338,76.68959501065211],[89.91143307916394,76.92583321366864],[90.11308583034915,77.16216209365773],[90.020053284023,77.43144623846372],[89.64965806628832,77.60907489778333]],[[81.45554768161568,75.66146891080088],[81.22258499342855,75.4931078962431],[81.25109972324766,75.18385070557102],[82.09863590954008,74.82083541500673],[82.56973750727943,75.21532963428686],[82.47293378747997,75.66611442364285],[83.37531293200004,75.65346810376597],[83.5936970926349,75.98835407910897],[83.28137439976581,76.26002932659918],[81.54017224289878,76.23310172491408],[81.2809462099166,75.97981871675002],[81.45554768161568,75.66146891080088]],[[79.61014552729604,74.30177815895651],[79.90022363571057,74.5115494322517],[79.78290378253908,74.84975846248751],[79.26496682183125,74.93460311342317],[78.90038059434073,74.77624502961092],[78.97917876559913,74.36037819180831],[79.61014552729604,74.30177815895651]]],[[[67.30651690386539,69.11169314201936],[67.72710001475924,69.29950627926969],[68.45660083283224,68.68447608789157],[68.37254028646976,68.60678811482069],[67.30651690386539,69.11169314201936]]],[[[73.02270158719283,71.1132199291007],[73.89123216784466,70.61793676962641],[73.46608191807478,70.33915408212545],[73.2201404140827,69.69650442249578],[73.53179697129734,69.33949789929194],[73.57251425049094,68.9340937146821],[74.19806835633699,68.82239691568263],[74.04160786472912,68.30854938806029],[74.43881784856885,67.88990956881403],[73.71673545537966,67.53404432574371],[73.55789696652776,67.2062958183914],[71.87064110282195,66.59889154585183],[72.76247519870009,67.34145354723904],[73.31623910825795,67.46854665785385],[73.48600911888582,68.05998032191611],[73.9364849104957,68.38190886974954],[73.82164329104208,68.70121865367119],[72.89679179855328,69.12533918790646],[72.9005500674771,70.05233805544277],[73.13630429395705,70.84032195941447],[73.02270158719283,71.1132199291007]]],[[[75.63086800096184,71.84548886429265],[75.70922359183263,71.8225893529175],[75.73286978542323,71.76553864942913],[75.63086800096184,71.84548886429265]]],[[[75.80396771153231,71.67011681648627],[75.85909417456745,71.60307750023105],[75.82585022651085,71.6066583089031],[75.80396771153231,71.67011681648627]]],[[[81.15619013353137,72.16089071157622],[81.78044456058979,72.0506651574664],[81.40417607944944,72.06243824417305],[81.15619013353137,72.16089071157622]]],[[[84.70392270209207,74.06167923666148],[85.09673016649081,74.24146762350487],[85.7330858933265,74.10939617888383],[84.70392270209207,74.06167923666148]]],[[[102.64323439974717,77.79540615022408],[102.71245523262304,77.95327446677574],[103.20684454451025,77.89435350226303],[102.64323439974717,77.79540615022408]]],[[[98.32102773583877,80.24673688747124],[97.90741850735223,80.40814918636649],[98.19480512582254,80.51923829987238],[98.26614334583864,80.78295864604463],[99.80435850750978,80.77804270503209],[100.97927254015428,80.07423462923066],[100.56409397133753,79.82449477749468],[99.25901979248526,80.34392591834558],[98.32102773583877,80.24673688747124]]],[[[104.57918767846944,79.23967333520405],[104.94259559762898,79.24265063601449],[105.51350500750911,79.17110211868189],[105.40230007397639,78.9080821430112],[105.16229239135157,79.1250634453378],[104.73547888101832,79.10051700254618],[104.57918767846944,79.23967333520405]]],[[[106.19691205766037,77.7472485228864],[107.54435540436819,77.82438440736703],[107.81245003709134,77.62103600205793],[107.20680216093723,77.60108730782957],[106.96155643267134,77.75815962464391],[106.3761982568431,77.66213989912318],[106.19691205766037,77.7472485228864]]],[[[108.04307744069503,77.29491939682342],[109.35825115051026,77.43384083060937],[109.59297483647028,77.30306062122008],[110.90672399302946,77.24862825972639],[111.19029423221033,77.37970945028228],[111.82992764276472,77.22689230831236],[113.50987173337847,77.4228520439763],[113.72340692784705,77.19147549690874],[114.17969013197245,77.21715877251464],[114.63794872389883,76.8646805021711],[115.10627172797199,76.9000577565146],[116.04097967866556,76.47872764434364],[116.68828869666963,77.16930427985506],[118.77254312205902,76.92783577935262],[118.88730909322256,76.64484581689752],[119.42643630358677,76.41437733252678],[120.96069305398905,76.5378468251103],[121.14367067926496,76.10656404468833],[121.81018584223534,75.97943948444441],[123.92392678711904,76.20691720011763],[124.40491064477825,75.9444370459065],[124.85797255546514,75.94000558972274],[125.34341822740271,76.2053514917663],[125.50656302900002,76.67244083481856],[126.29535402437884,76.78666948942399],[126.29811645342247,76.46444114830678],[126.75626438910659,76.060833571672],[127.421891223276,76.18528765368816],[128.26654792394112,76.07931383515592],[128.5118076837047,76.4120873321596],[129.83477153501013,76.16407240864308],[130.6496853265564,75.73903696736453],[131.56855491892568,75.9396639182474],[132.04260440385235,76.38038206246341],[132.03421964257006,76.73797849098366],[131.59801468523838,76.85847052522722],[131.5838457594405,76.99602048142685],[133.36165113417098,77.09450777461342],[133.46569111849044,77.03129793192342],[132.72941809961722,76.99975384796151],[132.45581361414207,76.62623571238129],[132.64368891370674,76.35422831067396],[133.11635275390563,76.39404884537564],[133.2310306437349,76.0509489973041],[133.1169780199285,75.54920827647896],[133.32509906842205,75.31650548506767],[134.40639702503805,75.82780933741051],[134.6903900550876,75.09356515465015],[136.0415757053342,75.13023056864589],[136.42423646272553,75.43577849156836],[136.46039309048612,75.73281656849187],[136.74918492250208,75.81214464452307],[136.56674897282454,75.41436040581335],[136.63521744786047,75.16583126603172],[137.8186023310217,74.55614056201641],[139.11104249244656,74.3527249794787],[139.68665620954548,74.64853477486184],[140.07065382140533,74.52795470071396],[141.81809298255362,74.69510667440353],[142.51858560351096,74.51740380798559],[145.0459059957899,74.99224809836717],[145.61103371306325,75.31356593362065],[145.6719333994585,75.62043748270253],[145.45611476439194,75.80954400171139],[142.60299657932134,76.15836658118462],[141.32840612376896,76.48391407340426],[140.8442774355002,76.30324718384446],[140.67098243146472,76.04303606925235],[140.12492602132113,76.20304156636735],[140.5202634362247,77.96650075756357],[140.4434845769437,78.44971484683202],[140.94897967338926,78.5572038438361],[140.95897044529605,78.9820586812597],[142.58334320750348,78.88560121692045],[144.03499077558791,79.3665715385854],[148.35124220480523,79.22305308416402],[150.36962461300865,79.55750436872931],[152.03823816605902,79.5667334259917],[154.9235815099964,79.23784122539118],[154.6749998632524,78.66051910961654],[154.93156004362933,78.35463753105469],[157.3912304153875,78.1868397751117],[157.69197255040467,78.44933021377418],[158.25805336626684,78.41203160411614],[160.54248610467243,77.91268835819061],[161.4702088348096,77.49764618716355],[162.3552794625764,77.74613424728018],[162.39870397393855,77.31370552897205],[163.06626317498512,77.04698618996319],[163.18323642795767,76.74263381210902],[163.6102778472216,76.67380587398858],[164.06749462559043,76.33156518422433],[164.351396807907,76.37849303406338],[164.54870115063557,76.68518263461472],[164.47990133757133,77.13344403041589],[165.1079364234032,77.01549357308895],[165.03698850037404,76.76094948064318],[165.21780870022707,76.53841306711777],[166.02988001070653,76.43663226930366],[166.69513091569473,76.07738321550899],[167.49268089466418,76.05323348316803],[167.70536668722616,76.18663173001956],[167.91731657717867,75.77863558897712],[168.8610327465871,75.31368350279944],[169.96910169842445,75.50197121601917],[170.07895764669138,75.81919585544989],[169.85299871878544,76.04193490794438],[170.6956572226737,76.00287825932111],[171.2451368543074,75.62808750243256],[172.2888489514176,75.85521880741086],[172.8695476742909,74.8725668029987],[174.51142661288233,75.15989933305104],[174.74695582978998,74.8823284571273],[175.66062629953072,74.93830092783732],[175.8004666266773,74.6915044721172],[176.29085976500266,74.49863464705616],[176.2797513066204,74.24424644136678],[176.49462085554114,74.06616958657187],[176.97222042458705,74.07593090031115],[177.2375481127667,74.3608288633749],[177.9115902932697,74.28942282770879],[178.1848373591032,74.6068176246967],[178.2603905246901,74.31502519289899],[178.52234629458243,74.19783683740904],[178.44685062486147,73.82436226625822],[178.10873471890142,73.58935737834054],[178.24293523588634,73.23705340165519],[178.86019707246254,73.08503607117576],[179.08202552469697,73.36061585284982],[178.90868869069135,73.65538414285332],[179.7,73.63707933155018],[179.7,71.74879896385154],[178.4956677519364,71.32300141002744],[178.3223501941873,71.04301811474618],[178.7184441486114,70.51448941767218],[179.7,70.64222984723881],[179.7,69.42177211296374],[176.14804766565814,70.19308825111136],[173.032382629298,70.1777346075893],[170.47423384182065,70.44194431602067],[170.2482005598575,70.33049205728341],[170.1920881590679,70.06441888645635],[169.7311889572131,69.92598308345096],[169.53136288797998,70.10782524056694],[168.25242672620706,70.32386581535177],[166.85382299771047,69.79748565020026],[164.87712033568124,69.86609694222247],[164.01435823557551,70.07356277778868],[161.19183926060336,69.81289493185287],[160.22154614753074,69.99781062165559],[160.38670089470943,70.2430101804179],[160.33323880355857,70.49122087600153],[159.98628803169325,70.84515742971985],[159.28944853648179,71.12481231519256],[158.01879598937794,71.34603930346053],[155.94394499334308,71.39925568712518],[152.55914697136637,71.0942249472992],[151.59597972227053,71.61472367349924],[150.35115317716438,71.7792339618628],[150.3045431629691,72.08647076183829],[149.79926010294957,72.4114031850299],[143.73071399072134,72.98144533751868],[143.85433791910256,73.31083175423255],[143.5163050069268,73.82226335992166],[142.09471310169803,74.21245332211602],[141.40369796994523,74.19239158007386],[141.17502901910467,74.47550115042591],[140.23414042503714,74.51983204422183],[140.00214775412158,74.42432203120673],[139.86880899601027,74.12002335049557],[140.1145133976774,73.75151671149901],[139.62621461962635,73.68321214661117],[139.46710399783765,73.41523029219142],[139.65895497653645,73.13851035907355],[140.35657577277954,73.07577055272982],[140.29903552113862,72.84123693592245],[139.46951216059742,72.78879685868462],[138.89081261567773,72.46191969323878],[138.79859952783542,72.16238932332583],[139.06629509883834,71.81938563998888],[138.7567620037994,71.94301089964203],[136.78735487518838,71.73699946411519],[135.97498700012892,71.93466196308866],[134.56893429893773,71.69325860389758],[133.63318147378655,71.81774740599428],[133.45776974734858,72.16275887099755],[132.69626974570974,72.2454620054211],[131.37737343796928,71.14506505486924],[131.07432210910528,71.04563970146154],[130.87495467631908,71.25815025310443],[130.0163750910264,71.30710168945711],[129.76818623006102,71.52427203033699],[129.864082694691,72.23642977783584],[129.623289970235,72.56285047243587],[129.74258388341144,73.00540896370333],[129.64950252694535,73.24704160605646],[128.34754341262507,73.58631462840461],[128.1044321006674,73.78853001916775],[125.82683688184083,73.76908343047276],[124.9441938539248,73.98940900084924],[124.56687672328154,74.24988901397113],[123.21200513021951,73.91791282777987],[122.9620800737488,73.64247748353199],[122.97285659097707,73.23660065902779],[120.52867501907079,73.2659334353304],[120.03605762599418,73.46778725226471],[119.44898422591017,73.32295117160575],[119.26756023928439,73.3610711055146],[119.25902064386736,73.63847586555582],[119.05013312535942,73.78671892984663],[116.02771372766102,73.986022364507],[116.31823240092763,74.09387609059199],[116.42484363559313,74.324818799785],[116.02587915512736,74.67834751551132],[115.73525985530563,74.5941186032613],[115.60049974941671,74.37473223790343],[115.68543712905092,74.13167606130017],[115.95983229892799,73.98874071378208],[113.65740274408215,73.8267584536462],[113.35878390073711,74.02995447627892],[113.68728225539212,74.24081456378215],[113.66704943149763,74.57735401569914],[112.86529833270934,74.76345306290918],[113.99446752162916,75.28768900984552],[114.1788186219361,75.93565322579258],[113.81744997489734,76.15426671858287],[113.59978141367301,76.6274118504162],[111.11434510948541,77.06131274218185],[107.7912570226198,76.99387374417907],[108.04307744069503,77.29491939682342]],[[177.10833118531778,73.54866317234477],[176.54031847997592,73.47212133494438],[176.48058506921467,73.04805473365735],[176.88761406605465,72.89233888809652],[177.21029979001548,73.02029060459807],[177.31046913080766,73.28972752915901],[177.10833118531778,73.54866317234477]],[[161.62575013817482,70.45843883521246],[161.94577596413532,70.58706007509676],[162.1214540949946,70.37760111255372],[162.5421349062779,70.35977895076788],[162.7792930246432,70.70783760177424],[162.47268035071002,70.9726309657741],[161.9866824839709,70.8175821441046],[161.7576356743624,71.09573404007516],[161.33569413826598,71.07657998361837],[161.19295964754426,70.67461630640904],[161.62575013817482,70.45843883521246]],[[160.27881586186754,70.60686444726795],[160.8776712006921,70.52642487091023],[161.04171677928733,70.91744140232278],[160.29176192924336,71.19083072119476],[160.10805242079627,70.90720308972962],[160.27881586186754,70.60686444726795]],[[156.68956909389303,77.40806597538925],[156.2442500073129,77.26781043372235],[156.3265340478317,76.84777843627342],[156.68775239983466,76.78615516728279],[156.9277026520777,76.9368507108303],[156.94514403193432,77.22170241476854],[156.68956909389303,77.40806597538925]],[[152.88643836796658,75.83449854841304],[153.17940074764093,76.05256039690707],[153.08056485850915,76.41223700494979],[152.8599706196737,76.4907054432047],[152.32911943204869,76.33693713064324],[152.3599937047535,75.91125586573028],[152.88643836796658,75.83449854841304]],[[147.0193360227281,75.67409533300348],[146.3201596889054,75.87339251737103],[145.82416947094973,75.40966854359061],[145.7935165163632,75.1282080904478],[145.98218322162109,74.95399605943176],[148.11105118850924,74.50981770194755],[149.19583366660694,74.45829085968201],[150.69952191432665,74.60741252909787],[151.25446323915506,75.09627146921589],[150.99714715493377,75.43975734569995],[148.7397216773791,75.51163383557964],[148.42851625059663,75.72036666239049],[147.0193360227281,75.67409533300348]],[[149.25741786856327,76.33377234415966],[149.72019044331668,76.63139509195078],[149.58653983086296,77.03766477624352],[148.36258035122628,76.9212336617775],[148.1517241959693,76.7368608848065],[148.3196306564916,76.35108036230423],[149.25741786856327,76.33377234415966]],[[135.38448841250525,74.55754887600473],[135.0691735261517,74.35325801486384],[135.1764440583059,74.01729756888234],[136.22624465557735,73.63480326098995],[136.51242268083115,73.75519698362368],[136.44344459350995,74.17625435960365],[135.38448841250525,74.55754887600473]]],[[[121.332909749279,77.03028477058403],[121.3849745779919,77.10347719987634],[121.77873476506947,77.05742279006374],[121.332909749279,77.03028477058403]]],[[[134.4841277960247,76.16153155179666],[134.69860537123913,76.27927284060137],[135.08555911178314,76.09850092558288],[135.3399769152392,76.32976715702524],[135.57841737274808,76.32976715702524],[135.99463866779408,76.10396654108816],[135.62791271002257,76.16215645318556],[135.40602319243297,75.96537954453844],[134.50275146878136,76.01057317266626],[134.4841277960247,76.16153155179666]]],[[[137.42206667389246,76.25381057733443],[137.9040566252837,76.45103080298666],[138.0467242147858,76.75921124605877],[138.70264667380027,77.0131763480674],[139.56889767843862,76.67928201519788],[139.5032460640811,76.36818167946112],[139.0182050039199,76.53751298078245],[137.42206667389246,76.25381057733443]]],[[[179.0286514148099,74.52877138292882],[179.23863581376173,74.46726719374632],[179.22795508344487,74.32086150933027],[178.92945613182792,74.38663644346292],[179.0286514148099,74.52877138292882]]],[[[169.67536563823944,69.61955113296052],[170.4765522238226,69.29622842600853],[170.55924433890945,69.21467349466637],[169.7676524407053,69.07329814958239],[169.43527830473732,69.36927879949415],[169.67536563823944,69.61955113296052]]],[[[110.87867077773588,74.22128330443034],[110.87668223455519,74.21983471603775],[110.87255040288245,74.22030116109796],[110.87867077773588,74.22128330443034]]],[[[104.61466806658503,78.02923576510659],[104.53284999532994,77.9889805784309],[104.52207734993507,78.02553832866597],[104.61466806658503,78.02923576510659]]],[[[54.78725396747799,68.65824950415517],[54.68522777506979,68.56137188330483],[54.62313578785961,68.58771160064126],[54.66938962512822,68.66104686681474],[54.78725396747799,68.65824950415517]]],[[[39.94077355077137,65.9632620425885],[39.46717003763293,65.6541232603685],[39.46975282422114,65.22813300518484],[39.75424674058871,64.97148452975078],[39.578357622406735,64.8511659504379],[36.97940426408054,65.47132037604922],[36.98943526252437,65.92656336072218],[38.54745821053858,65.75507878270301],[39.94077355077137,65.9632620425885]]],[[[35.89289087767956,64.70108360539517],[36.25746677634896,64.67894383279011],[36.87713846408045,64.20404491259914],[36.41041231464196,64.29262427220657],[36.241079534740585,64.5873317642039],[35.89289087767956,64.70108360539517]]],[[[37.36245435219017,64.11193743023978],[37.463083287185825,64.1194700848997],[37.41411063871388,64.10213364961709],[37.36245435219017,64.11193743023978]]],[[[35.65825446730425,64.62833536623113],[35.29273014829164,64.64656416010033],[34.98051779926412,65.42827680274551],[35.21466621856442,65.55659647788566],[35.59068558242964,65.43814957754545],[35.30070767080363,65.33993991605732],[35.20712278755251,65.09669752678408],[35.65825446730425,64.62833536623113]]],[[[57.64661204627686,75.84656086824674],[56.40380819636765,75.38667287542991],[55.788872597521724,75.46825847318871],[55.45446942439319,75.20834411797131],[55.51481467439159,74.86924512182375],[54.344513156785936,74.19294141129623],[54.548321298118836,74.65913666931513],[55.10321095133282,74.8949858123131],[55.36848482573887,75.23746071224241],[55.281599772333564,75.63725143219746],[52.988032902227246,75.48722135894351],[52.62471112845194,75.25135315503513],[52.404830406533854,74.7185024264129],[51.5534798496824,74.66057580061795],[51.32514421984086,74.3726791759629],[50.595436777626794,74.19284228539905],[50.16021097515645,74.34656072177548],[50.67100292259779,74.51853369990033],[51.364735615600004,75.09459507188528],[52.50662893224346,75.41418920048056],[53.19946632537002,75.96130507822932],[56.38139566284485,76.86187248887994],[57.067798345878124,76.53657459420492],[57.608563002179416,76.56875213407976],[57.32015280907242,76.1415185824216],[57.64661204627686,75.84656086824674]]],[[[49.963930176594396,74.28570756906423],[49.87040662944654,74.17559572863901],[49.48757206943375,74.18235415679541],[49.506352072277,74.28848703125661],[49.963930176594396,74.28570756906423]]],[[[48.707427275478715,74.40124994392002],[48.69001542177766,74.40987768787821],[48.718453920936625,74.40919888374503],[48.707427275478715,74.40124994392002]]],[[[19.709998854954964,70.94836624419383],[19.43047066261002,70.98300273374028],[19.616495073679776,71.08501858181259],[19.709998854954964,70.94836624419383]]],[[[-5.417651542927637,55.027860370276976],[-5.52302943437592,55.05443019681666],[-5.347331412637356,55.1173121461713],[-5.417651542927637,55.027860370276976]]],[[[8.17814642721642,54.02713441301711],[8.228566560411783,54.22313581677276],[8.154056306324758,54.39410885172912],[8.415537410524909,54.07781524805061],[8.17814642721642,54.02713441301711]]],[[[16.409724040571305,42.05152268182036],[16.201314830032732,42.21367358919464],[15.22017469626746,42.22736802729191],[14.838054246563194,42.38855624266932],[15.40774710109325,42.67974880984748],[15.757034012111959,43.28300595865449],[15.869752223138317,42.78807025062781],[16.501096046968346,42.71292341619261],[16.409724040571305,42.05152268182036]]],[[[14.73465161678102,43.17093537669971],[14.426823079876453,43.08483348334156],[14.34445233890585,42.770017062020145],[13.832877034169993,43.767320382000634],[12.655807305009859,44.42008343134482],[12.605094846170708,44.667836662690924],[12.833099597193428,44.94862497529935],[12.712360687769507,45.21311741732218],[13.227022130279252,45.37780655239606],[13.692708635884475,44.558614861126706],[14.306750428117214,44.264437338562445],[15.102728338576442,43.58713115550808],[14.73465161678102,43.17093537669971]]],[[[23.052919263041904,39.962135656100784],[22.995291933355382,40.0273853111114],[23.04214432552599,40.01018104581339],[23.052919263041904,39.962135656100784]]],[[[32.74398982296374,31.414637233634032],[32.66510545927022,31.39176234502379],[32.538559991205986,31.49033059213195],[32.74398982296374,31.414637233634032]]],[[[31.64611576193648,31.767109203851735],[31.57964546672552,31.753832094337046],[31.548063944262147,31.765144377477828],[31.64611576193648,31.767109203851735]]],[[[16.11641500788929,31.616481554048967],[15.955636120777607,31.65226139177351],[15.747504276854476,32.01405889672835],[16.11641500788929,31.616481554048967]]],[[[12.569479305641952,33.15909684639814],[11.571889552308084,33.39832836232702],[11.05633033543408,34.16838497609083],[10.41952323611596,34.1001129953105],[11.58193303472014,34.634707648389245],[11.375102975816429,35.0180348448322],[11.459356981781983,35.26743553247718],[11.305076840886382,35.78007641281478],[10.825950491218391,36.13868548405517],[11.117113686507711,36.42834554729394],[11.299600556970171,35.858673010502216],[11.905549376173326,35.741233987074374],[12.203547117258356,35.39688774142413],[12.944749956228227,35.04684560196502],[12.71776447753842,34.761173970267045],[12.923957262212749,34.46313953974687],[12.608806434393417,34.36161001285951],[12.353681875124565,33.78258510352532],[12.569479305641952,33.15909684639814]]],[[[28.262785492470947,42.05254639583995],[28.055897514640858,42.45911814057803],[28.117365678226207,42.512555107150554],[28.262785492470947,42.05254639583995]]],[[[33.252704302663815,44.88476745794371],[33.034125467127794,44.81898947446956],[32.915184286201615,44.97795357648716],[33.252704302663815,44.88476745794371]]],[[[37.29892862428827,45.58927313870398],[35.48221390101506,45.68968513923667],[35.32091759854417,45.935850360305835],[35.97089491255554,46.342237185374906],[36.82818091647658,46.34323202421288],[37.43905930664204,46.60137475711445],[37.708143746870135,46.21099851407117],[37.29892862428827,45.58927313870398]]],[[[32.320459225588145,45.155865480347934],[31.015295751368065,44.92202962722046],[30.423050708521142,44.20456927115713],[28.882577491185913,43.53135257950951],[28.925845599779432,44.16968151478195],[29.16064924781417,44.420744014472646],[29.818895646985037,44.632856141416696],[30.045474144297387,45.40000252204023],[30.707889876081875,45.86995792636228],[30.968828178000273,46.272409097075865],[31.222466091092198,46.30331358645667],[31.492956709827915,45.975769025028704],[32.52610067708555,45.775002767319535],[32.193313022080375,45.491825752949815],[32.320459225588145,45.155865480347934]]],[[[28.242852629563103,43.01767393824156],[28.197544926366096,42.928609828207016],[28.19923806455972,42.99966872176161],[28.242852629563103,43.01767393824156]]],[[[179.24548685496114,-47.65945607135661],[179.30043641819495,-47.67135907453769],[179.2421718274316,-47.66804155065442],[179.24548685496114,-47.65945607135661]]],[[[67.28405490040609,-72.99342594462459],[67.59865721435558,-72.21934586662228],[68.08003244279652,-71.89703759607764],[68.16854321082084,-71.65002976573045],[69.13493149315953,-71.21829413577375],[69.55249227750285,-70.51011440173039],[69.35793219601835,-70.09670478663577],[69.65464189004065,-69.63121794124433],[69.9492956551684,-69.50225719019618],[70.15328971907905,-68.92107777770215],[72.63712423515058,-68.9319903134099],[73.84981172711225,-69.48013002550213],[72.30531390938846,-69.79439691621651],[72.1175448042831,-70.13103380661664],[71.8438318892914,-69.96798751745878],[71.49343591627063,-70.08431561403344],[71.3262525146137,-70.31277617501684],[71.42704751201157,-70.76467870958189],[70.85891120005536,-71.44127202088426],[70.16473153526093,-71.72949717105881],[69.93337529709848,-71.60908109322814],[69.5477423848399,-71.70714592106366],[69.3889841523559,-71.91438538561407],[69.44489671093162,-72.16568959961094],[69.12585819344343,-72.17060729796817],[68.7836649678926,-71.84200369121233],[68.52049988732699,-71.8375021106172],[67.68252497919735,-72.52611659351588],[67.69264909918472,-72.9087113022923],[67.28405490040609,-72.99342594462459]]],[[[81.91991482658388,-67.41341914929022],[81.87703460300088,-67.15320574694896],[81.54608257889635,-66.88124032995404],[81.56258278540282,-66.7429971510953],[81.92284432585505,-66.6455771179444],[82.3124060911213,-66.82903604627411],[82.33187772138612,-67.34271112018648],[81.91991482658388,-67.41341914929022]]],[[[95.76963474737707,-66.37699244269513],[95.8066892240945,-65.18804797985817],[96.52463763705462,-65.2924164530797],[96.76364575385726,-65.1540195696257],[97.65267008070224,-65.67694904889073],[97.92576724994213,-65.66755804877548],[98.20704246263168,-66.04224640487028],[99.10775458134634,-65.94559730883964],[99.53835947023525,-66.07630066840588],[99.98031390999017,-65.68033793861157],[100.07036521352036,-65.85120508185615],[99.69804772620265,-66.30950772391719],[98.58367061578643,-66.08799310337191],[97.71383606149753,-66.3458063923573],[97.15208475104961,-65.86610762722316],[96.39487454652233,-65.76796226617357],[96.0353251725219,-66.03602607340605],[96.03978755835975,-66.33830236092054],[95.76963474737707,-66.37699244269513]]],[[[116.01235593512452,-66.5971258013576],[116.51454465307285,-66.67637630309244],[116.5681714866667,-66.76010863259887],[116.06406538890371,-66.88599775897089],[116.01235593512452,-66.5971258013576]]],[[[121.54552603154548,-66.76409421072066],[121.62393283110788,-66.72248307936312],[121.64396254353737,-66.72931061246811],[121.54552603154548,-66.76409421072066]]],[[[145.46401944538383,-67.27783154299189],[145.57917542167735,-67.23576924393183],[145.52207651331125,-67.31606767488687],[145.46401944538383,-67.27783154299189]]],[[[147.0992158434878,-67.74089162911014],[147.18774475631182,-67.69735414132342],[147.29538517001023,-67.82615786566079],[147.0992158434878,-67.74089162911014]]],[[[161.70157716471212,-70.52020203362716],[161.75029231227015,-70.60527555317569],[161.7404287909726,-70.60516605208964],[161.70157716471212,-70.52020203362716]]],[[[163.33553147051492,-74.95375754235695],[163.2078808187277,-75.22666929020922],[162.9388255389234,-75.24822191520917],[163.08575756200858,-75.00480760492744],[163.33553147051492,-74.95375754235695]]],[[[162.9093310781133,-75.2635645754817],[162.90038325568506,-75.26869165712179],[162.89799407692075,-75.26881774493845],[162.9093310781133,-75.2635645754817]]],[[[167.5172943256739,-78.52723077166446],[167.9047783049284,-78.31217804704346],[167.91940007631422,-77.97129930670627],[169.9909768612279,-77.78419509516479],[170.56657597830684,-77.39944693002732],[170.74551254123762,-77.70806252049782],[171.58857860748782,-77.79633542987814],[179.7,-78.16125270039315],[179.7,-84.01335740180755],[174.99238711313777,-83.53106988801271],[173.94282667682094,-83.56172791427007],[171.23544644961822,-83.14857062723891],[169.16333585266872,-83.09028281864215],[168.65459715955208,-82.70539315062517],[167.57948151264577,-82.67891800197124],[165.83451427666617,-82.37473234833729],[165.6108272809333,-82.19788813899461],[164.19274986373162,-82.0732452251861],[163.19336942357643,-81.58789277832861],[161.73432487364155,-81.31652187222134],[161.39348178671807,-81.08034905470205],[161.639062930775,-80.71820937911691],[161.2040884859041,-80.24715294174636],[161.62693529121887,-80.15764077758085],[161.77006186080374,-79.88450128407115],[161.62279840155747,-79.64312821407944],[161.30883099629133,-79.59464038311373],[161.25061632954416,-79.26748307242248],[162.08703422938743,-79.36783927376923],[162.36321636579467,-79.10407550540756],[162.6624556992343,-79.24244903839329],[163.14583028054565,-79.03037716306753],[164.42214526141336,-78.9041668818335],[167.26730614808676,-78.9470592280345],[167.50285410010156,-78.79798464651907],[167.5172943256739,-78.52723077166446]]],[[[134.60441282191817,-65.71862307276616],[134.4827099425883,-65.71018007618594],[134.34730969549616,-65.68493248167796],[134.60441282191817,-65.71862307276616]]],[[[101.29063152875914,-64.83474951023712],[101.27829757962233,-64.83418827237925],[101.2767485001661,-64.82692134211334],[101.29063152875914,-64.83474951023712]]],[[[100.8079517329079,-64.56258277323501],[100.72430831162036,-64.62629886998799],[100.68132100984037,-64.56641850418366],[100.8079517329079,-64.56258277323501]]],[[[167.46158859542064,-46.56716992540629],[167.48051796169565,-46.468382242586095],[167.52437571614945,-46.50959848242085],[167.46158859542064,-46.56716992540629]]],[[[167.57205546672967,-47.56831370832988],[168.3935211429665,-47.302752411164704],[168.871033800813,-46.893913440426736],[169.36123409125713,-46.8677397414352],[168.62815308300625,-47.18831481539775],[168.5736292165645,-47.55532751035626],[168.14653674612728,-47.53886776655045],[167.69871123495008,-47.75690975070472],[167.57205546672967,-47.56831370832988]]],[[[167.24479428442137,-48.52015409458777],[167.0912826364104,-48.6120166528755],[167.06192070807714,-48.59389536995981],[167.13712913738036,-48.47727910594355],[167.24479428442137,-48.52015409458777]]],[[[171.49921225798846,-44.84527837468432],[171.48105488730158,-44.623052332281645],[171.7969100604443,-44.35888983382222],[172.39266758152482,-44.15011134462185],[172.85136423040225,-44.195595208864994],[171.49921225798846,-44.84527837468432]]],[[[173.38966889589986,-43.897443693372225],[173.36222103723156,-43.6077386486362],[173.33465890600723,-43.51717814787232],[173.63288717919218,-43.7210746003208],[173.38966889589986,-43.897443693372225]]],[[[173.30445951627456,-43.46761790138488],[173.21596467594014,-43.38890558293752],[173.1031459525864,-43.350623753344685],[173.27694289820133,-43.281112152367676],[173.30445951627456,-43.46761790138488]]],[[[177.36388130026043,-39.49449931778109],[177.31245909560454,-39.42309024799399],[177.61794157229264,-39.37384895337673],[177.36388130026043,-39.49449931778109]]],[[[174.26469810073766,-40.69945976809373],[174.16767149582407,-40.487699396598366],[173.91890821638322,-40.41229345662346],[173.33426263920012,-40.87189441107255],[173.14901410260097,-40.2656455298738],[172.50831134413284,-40.33723900602078],[172.83360210011284,-39.977693054817955],[172.8702234762414,-39.56724047869972],[172.69471894616137,-39.3480615015199],[172.78485933047978,-39.05176429347313],[173.08195318924913,-38.73664852495267],[173.75285397863067,-38.567528838471794],[174.2603154578552,-38.17945873630544],[174.45945236537145,-37.57731201501802],[174.32065697801445,-38.63014628145354],[173.5838814461698,-39.05798744790108],[173.45959007154983,-39.2879046244446],[173.80876258749979,-39.78386967760596],[174.7775230565626,-40.16512445276319],[174.92674169283148,-40.369081121461434],[174.720799385622,-40.744862269997014],[174.26469810073766,-40.69945976809373]]],[[[171.81152203925058,-40.95739650188761],[171.67923126389567,-41.40129276471204],[171.33506999063115,-41.497573649356255],[171.35242114831433,-41.36600618759649],[171.81152203925058,-40.95739650188761]]],[[[171.10361466278647,-41.888481809657684],[171.08324437630145,-41.94392964646923],[171.06088898310577,-41.929679329310645],[171.10361466278647,-41.888481809657684]]],[[[174.94994825916743,-35.935217997249374],[174.94190343297046,-35.92408729387963],[174.95733218921853,-35.931134460143355],[174.94994825916743,-35.935217997249374]]],[[[169.4718959244759,-52.71580266944974],[169.4451808664496,-52.31841969305041],[169.49226788079224,-52.31599838798449],[169.62294734791374,-52.80196600405153],[169.4718959244759,-52.71580266944974]]],[[[166.8741480341418,54.89590234324108],[166.88375599605135,54.892618265865224],[166.87861813844364,54.890805510811816],[166.8741480341418,54.89590234324108]]],[[[163.56622965043687,-19.326863849236222],[163.44677422433284,-19.19180258472687],[163.47830772316473,-19.174428545321938],[163.56622965043687,-19.326863849236222]]],[[[166.59396258087943,-50.50908051865215],[166.4710105744584,-50.329234381688515],[166.4396949617488,-50.03568392765979],[166.807520364885,-50.36099391119326],[166.59396258087943,-50.50908051865215]]],[[[158.78982386629082,-20.804718955696288],[158.95198537381987,-20.953874772378292],[158.95218251452235,-21.13445565589925],[158.91571610763032,-21.12493987524189],[158.78982386629082,-20.804718955696288]]],[[[158.62381918622316,-19.276410001250273],[158.62594492753337,-19.270886618483487],[158.64206006348155,-19.26957959442658],[158.62381918622316,-19.276410001250273]]],[[[144.86342256972608,55.64460542212257],[144.90766446041343,55.79420720397651],[144.91514497536593,55.79340237141373],[144.86342256972608,55.64460542212257]]],[[[71.58184013934253,-6.388076426736639],[71.74787011189424,-6.073891891491028],[72.46395462723896,-5.952751079152058],[72.1314221876864,-6.446921878082497],[71.58184013934253,-6.388076426736639]]],[[[69.63957924295015,-49.873895433421275],[69.57575012503362,-49.88318308019509],[69.54886585720465,-49.85632044090016],[69.63957924295015,-49.873895433421275]]],[[[70.52200810118529,-48.818162741978426],[69.89400086351019,-48.92022143900653],[69.65693646148148,-48.59057550403329],[70.05136086434081,-48.33492119857143],[70.50685146523735,-48.562641319881976],[70.52200810118529,-48.818162741978426]]],[[[-179.1440288589661,61.66248510391587],[-179.24645428110867,61.92858784738382],[-179.7,62.143390256505185],[-179.7,64.8256929114762],[-179.01374677211524,65.36156917717996],[-179.04078698549418,65.73619631256817],[-178.7511602180512,65.56038493627744],[-178.5581095017178,65.18885879076932],[-177.39553829379415,65.14144202110002],[-176.9458114258371,65.29875023733507],[-176.1872757004024,65.1718807766235],[-176.07015012078003,64.78056981092242],[-175.5173342541063,64.49056995988597],[-174.89765633305092,64.55292098188326],[-173.74360620907743,64.05241155620345],[-173.09063723921003,63.9413875792464],[-172.01353564457995,64.18991778448594],[-171.75349512467074,64.67384822748164],[-171.79635412774283,65.17264962013631],[-170.49758842383608,65.31856627735175],[-170.19028498150595,65.64374140522425],[-169.47048588022272,65.82176351483118],[-169.3414580833721,66.07498555708602],[-169.5073905820047,66.33674076196068],[-171.6423178118798,67.2409390246104],[-174.46437597985224,67.37017334559825],[-175.1579368690763,67.93859791723702],[-179.7,69.22852583660162],[-179.7,70.69909152442571],[-177.8700541285168,70.74759996720388],[-177.279558917414,70.98571680715457],[-177.14345400281695,71.23322228842446],[-177.29827247385575,71.49954973549482],[-178.33372898086216,71.83442537708524],[-179.7,71.83744192174466],[-179.7,73.35213763128178],[-179.22336382523406,73.46044505717288],[-178.17307721710463,73.31829321632304],[-177.9487602043064,73.1421978739848],[-175.91548183700885,72.99670137567176],[-175.04304757912342,73.25299433263896],[-174.87311975885908,73.43538763704608],[-174.68303462764996,73.25658002701094],[-174.21922070598674,73.20880056436452],[-174.0448737288028,73.39256798085901],[-174.06456101917385,73.68305302705076],[-173.04862353559426,73.2794245219195],[-172.31481018168466,73.48022519304749],[-170.47340388797616,73.3842833108799],[-169.67815041033873,73.73325885102018],[-168.92560831074638,73.83595018450941],[-168.64907901142715,73.64593806914264],[-166.11901307116688,73.62789813779305],[-165.6966968292725,73.77923749780408],[-164.30340676874212,73.56298073928903],[-163.74310768874062,73.16631430113426],[-162.97140124259025,73.34364980414499],[-163.06093614557534,73.07258829540399],[-162.86468318652078,72.7487989875727],[-162.01557173235602,72.63790600428716],[-161.82873346476913,72.35763825541986],[-161.46481625740657,72.39764833490625],[-160.99524520687686,72.16942344205955],[-159.92296329006479,72.1326758162946],[-159.73298400478745,72.34657746480369],[-159.8231710414755,72.64331655742598],[-159.50435003147808,72.66241154409752],[-159.50973665941635,72.41861822421245],[-159.26625848751834,72.14061927077525],[-158.71600431703786,72.3725471276885],[-157.9695747250245,72.28691125199657],[-157.47805439341724,71.88950669679045],[-156.0426504845979,71.8810193060912],[-155.8148007806684,71.66548485927431],[-155.76787732118387,71.49449174558556],[-156.55314013919886,71.70118195834459],[-157.92763226738072,71.16408609718194],[-159.21039369237067,71.18281412647731],[-161.00211668208752,70.58818287036468],[-161.9566166529429,70.64602785791052],[-163.19992785420249,70.08024292998013],[-163.4734896058067,69.54212124638069],[-163.73401435020395,69.4001216029292],[-164.38852558237687,69.22849176034237],[-166.34245109327205,69.1608312747374],[-166.56765744028075,68.68084885356457],[-167.08082134120897,68.5145155799289],[-167.03599566636544,68.1341909693507],[-164.32102516895088,67.35494953377312],[-163.94048416907452,66.9030139587343],[-165.7687690166867,66.65477343162202],[-168.22150198418618,65.95704795403857],[-168.4233267592203,65.75226917359207],[-168.29164657325927,65.41404672488304],[-167.24107681129323,65.08089185779782],[-166.78208747054026,64.75722681800269],[-166.66723347690302,64.49251090103486],[-166.2583786236182,64.29316133244592],[-165.03801409972186,64.14832007262105],[-163.7136092566218,64.28121543939407],[-162.76076676468486,64.04440031991913],[-161.82756888797118,64.47807233769534],[-161.71549384090247,64.15514112822612],[-161.21295255944233,64.05672194713945],[-161.1841905028999,63.860447914123746],[-161.91339901651148,63.766582790451494],[-162.75239792634207,63.90408238217898],[-163.16077093970281,63.36925934710482],[-164.36120988730127,63.529157785761946],[-164.74041770239066,63.39260345825183],[-165.18159732270465,62.81141169051992],[-166.18652386701882,62.27383256656297],[-166.47722794452488,61.688153878129505],[-166.39981292774044,61.366109474775286],[-165.6003384311281,60.800389863022005],[-165.72277107884742,60.6232682456576],[-166.16300815050826,60.73690503659566],[-167.5124545491292,60.51124560397163],[-167.75272965022057,60.20948886392968],[-167.5827030331429,59.94679962072816],[-166.20082332736678,59.456879279105074],[-165.38017217957065,59.75707709983162],[-165.38841807305045,60.252418704503725],[-164.76521419708249,60.05308624337848],[-164.18213837388774,59.54750685348863],[-163.5873764172822,59.502117536849056],[-162.35990470714387,59.74757502913512],[-162.17330493951093,59.550364476007736],[-162.35150055173878,59.27139488062875],[-162.18506946343925,58.95624303302419],[-162.42591014398084,58.810970766328865],[-162.4535733053975,58.53098128584025],[-161.82593211676075,58.26567963007433],[-161.33437900833184,58.396141050616514],[-160.85834663912067,58.27295664278057],[-160.58731707824631,58.472952927386345],[-160.2258711044285,58.3411255438361],[-159.65594704206845,58.563184548910165],[-159.20729392064692,58.16848081116683],[-158.82590149335513,58.10479477853369],[-158.42590418112724,58.39268670326128],[-157.86078768170907,58.38793119844991],[-157.98594471216117,57.79061117577235],[-158.93291807219046,57.186097838482446],[-160.3259320399485,56.65368558622522],[-160.73575424059166,56.25901961976171],[-161.89111319023783,56.17554439423519],[-162.87004230369013,55.574209048529355],[-163.25124076938064,55.7207707516066],[-163.53187202548554,55.34505861541058],[-164.56533634995495,55.20575263214806],[-165.15135283337136,54.814625972576565],[-165.38108782051745,55.044289734477125],[-166.98982901182637,55.23358020726579],[-167.93533949573427,55.698709138708615],[-168.41364079795906,56.47921852769206],[-169.17660792327976,56.55925354988246],[-169.39112446632845,56.88122707063145],[-169.9825886649776,56.84957112183772],[-170.08900993223864,56.61533031751775],[-169.97700355540155,56.322079019148084],[-170.13630872804092,56.30295786120741],[-171.138841448226,56.53762895841651],[-171.49478723211007,56.7887713573204],[-171.74157850949157,57.285568594598864],[-172.12005151913792,57.25613525371406],[-172.30250712657838,56.95306936843827],[-172.55709601940364,56.942181704361055],[-172.61159275660506,57.54203727942613],[-172.2939698195691,57.57660671061561],[-172.1483729524876,57.849218220035624],[-172.58133108387509,58.3746658676182],[-173.18449521232702,58.337486318967514],[-173.3309242698074,58.09047092367629],[-173.21004378454538,57.839253701730925],[-173.406064774214,57.83747919066802],[-174.5031491921343,58.94978659636026],[-175.3661751713132,58.982637898093735],[-175.66548936600498,59.265704642672844],[-175.99726178305957,59.12098568847444],[-176.106598241494,58.8923658368601],[-176.48125974502207,58.900186585596],[-176.49395389699478,59.282362738233466],[-176.75842353245497,59.43592014521799],[-177.16339747581657,59.28673769371672],[-177.23626223531298,58.985677750600466],[-177.39593442714008,59.07378240998622],[-177.22471492095437,59.43947785259344],[-177.39842410555926,59.92305234349989],[-178.11966376180698,59.85370122040299],[-178.31171735236853,59.9805418270613],[-178.16947492184062,60.288686494900425],[-178.45505543533318,60.87030774965413],[-178.50132047269187,61.49386108455972],[-179.1440288589661,61.66248510391587]],[[-168.25542178687857,65.22000389659387],[-168.3371281928461,64.78590423552558],[-167.89980554306743,64.7160477457101],[-167.82607036177257,65.16555282075221],[-168.25542178687857,65.22000389659387]],[[-170.79967758748927,63.10920122359374],[-169.62741126404896,62.64773647238366],[-169.25446907402096,62.87510158523695],[-168.66793714669717,62.906876813064024],[-168.38797966384016,63.33493640259937],[-168.59980453859995,63.58877781379266],[-169.94064803877987,63.762537158563624],[-170.2839643675043,63.99753977206418],[-170.94754759692364,63.875630710520376],[-171.72765880310155,64.09123577177431],[-172.13145488431917,63.63255976712513],[-172.05799855760642,63.302250939732076],[-171.54338587516867,63.03839727238966],[-170.79967758748927,63.10920122359374]],[[-169.19907155078334,66.06137096134877],[-169.39483511356022,65.82296973237058],[-169.2780316345695,65.53282005996299],[-168.9352383992101,65.44379891678746],[-168.6886713026792,65.5635152447495],[-168.70364300843576,65.98801448960548],[-169.19907155078334,66.06137096134877]],[[-169.95155526912535,57.50851307630845],[-170.58268904378366,57.43689161961751],[-170.69596350212333,57.2112673683282],[-170.30096553903817,56.8065916120391],[-169.80462164840088,57.23998019208183],[-169.95155526912535,57.50851307630845]],[[-173.3572361085017,60.82806318853118],[-173.1780245507278,60.22366810232615],[-172.24376881009573,60.01553508580826],[-171.9114169124341,60.272208443517755],[-172.05280922614875,60.56985990028807],[-172.77343021235208,60.75888995362653],[-173.02499412602958,60.976186989492774],[-173.3572361085017,60.82806318853118]],[[-172.70809137870955,58.6795311162706],[-172.5662323832133,59.16698096764771],[-172.76596552979078,59.337255035294746],[-173.22555763102025,59.38590425969051],[-173.44475263844942,59.164935015938184],[-173.37142309697637,58.88907376904702],[-172.9614817740675,58.620009840771],[-172.70809137870955,58.6795311162706]],[[-173.75970593814046,58.98022409833007],[-173.45841494062708,59.29734208562224],[-173.58119459567112,59.60639001137536],[-173.82124977091334,59.70309760774045],[-174.15167265376206,59.56934667918721],[-174.24583729662416,59.308924944632096],[-174.09683918631288,59.03008240085981],[-173.75970593814046,58.98022409833007]],[[-175.50743283226646,71.0718191157987],[-175.28623044767386,71.28206240429778],[-175.3636192196921,71.57726354466458],[-175.78046471979724,71.7101528791424],[-176.0209613978533,71.62575383638172],[-176.02711428826174,71.2038432888521],[-175.50743283226646,71.0718191157987]]],[[[-155.38355480728538,71.38250925006031],[-154.4182295621318,71.68133435862767],[-152.73366966840004,71.42691003149204],[-151.80877530249518,71.08790509995845],[-143.73170139420267,70.3883506273236],[-145.23983302711008,70.29578512157588],[-145.84693403852708,70.47310369407727],[-147.65092998564444,70.51169623632926],[-149.29690205722542,70.8444252496317],[-151.2205733777607,70.67694418270504],[-151.9240806135274,70.86519160680588],[-152.27255890878834,71.15180444323906],[-153.26700998149383,71.23255222096547],[-154.2276618366772,71.08255130668786],[-155.01382579920423,71.44518835723156],[-155.38355480728538,71.38250925006031]]],[[[-163.41942915606265,66.78452553024346],[-162.89965482451026,66.74082294554597],[-162.25195941717885,66.29963605610803],[-163.41102728891371,66.3640804779984],[-163.41942915606265,66.78452553024346]]],[[[-159.88543204716652,54.71293015375635],[-159.9963056666,54.70429281311095],[-159.88410986979545,54.81362972730057],[-159.88543204716652,54.71293015375635]]],[[[-160.4416028225373,54.6696030172523],[-161.34175529880633,54.59465602902761],[-161.8400233725173,54.3676329659249],[-162.14349928960726,54.58447435288023],[-161.98127024900214,54.79348587938397],[-161.09227446512324,54.99681164094267],[-160.88115063637022,54.82605931817745],[-160.53636079206953,54.8686056569198],[-160.4416028225373,54.6696030172523]]],[[[-163.09474385116675,54.30137855920999],[-163.82145726537487,54.10271318536514],[-164.635169957158,54.078668341860215],[-163.37302693993053,54.45113726536479],[-163.09474385116675,54.30137855920999]]],[[[-165.22079594353684,54.41923045641746],[-165.2493230841013,54.51360546298125],[-165.20975085306762,54.422253299120364],[-165.22079594353684,54.41923045641746]]],[[[-158.9166593371522,54.85172412458769],[-158.90932791346097,54.90514788911362],[-158.86047195159972,54.8658479634347],[-158.9166593371522,54.85172412458769]]],[[[-159.34260489722212,55.48232574804088],[-159.09937374970139,55.59537284227639],[-158.9286137776109,55.526112819912726],[-159.1436553451471,55.21545570269488],[-159.34260489722212,55.48232574804088]]],[[[-158.08259541869396,55.06907709832605],[-158.25660104155807,55.494480052017046],[-158.56155456106086,55.57022822226565],[-157.50983929383264,56.28343542774704],[-157.104450239329,56.23191955284616],[-157.28596866161243,55.68855449409153],[-156.8636876209751,55.40953098541978],[-158.08259541869396,55.06907709832605]]],[[[-155.31760178309676,56.09600014352217],[-155.66451208040488,56.28253109038224],[-155.2071565467235,56.4665412544287],[-154.84003359554208,56.99349599545026],[-154.7586541699713,56.799675241821056],[-155.01393814247263,56.516518962838134],[-155.00213716916878,56.25621811905354],[-155.31760178309676,56.09600014352217]]],[[[-153.58343450280825,56.50500242120967],[-153.3366661367612,56.78642743455915],[-152.02567432540494,57.19787958062413],[-151.84779944412864,57.601921301064095],[-151.98860306985,57.877036717259486],[-151.49985349306368,58.18302631118588],[-151.58291177967442,58.45841384724764],[-151.9426089202527,58.64506811372136],[-151.7496467972162,58.80212232579196],[-150.37477123763955,59.109336027743865],[-150.38543936540435,58.77641843994836],[-150.00100486336578,58.511447396328855],[-148.95000427707558,58.433371349299115],[-149.56663765221035,58.28899343221384],[-150.41145395777855,58.41537380055547],[-150.5989326324497,58.19567547525028],[-150.54047731024176,57.797304045208065],[-151.5509832356659,57.36718371935426],[-152.25024536771784,56.8136255212607],[-153.58343450280825,56.50500242120967]]],[[[-153.53501840138892,58.40694652787566],[-153.26516873709457,58.528073335311866],[-153.53487419204725,58.345044843056996],[-153.53501840138892,58.40694652787566]]],[[[-153.13623462322386,58.56992783024663],[-153.14129790118145,58.5836749567845],[-153.11792651783804,58.59556522194361],[-153.13623462322386,58.56992783024663]]],[[[-153.02963301816908,58.670508407701206],[-153.0785053462004,59.37749090736951],[-152.54632738571996,59.677528534238824],[-152.2584275009228,60.11151472703086],[-151.9884584898597,60.069932596337104],[-152.27660633158388,59.266031635577065],[-152.5047086249045,59.21411771003467],[-152.6581533750167,58.86247526542593],[-153.02963301816908,58.670508407701206]]],[[[-149.84173122293524,59.382134717047165],[-149.84088827887186,59.382717160363065],[-149.83693709868373,59.381566856796745],[-149.84173122293524,59.382134717047165]]],[[[-149.7236086301272,59.368143188748434],[-149.68810662545837,59.3731474650312],[-149.67382400266646,59.362246238745904],[-149.7236086301272,59.368143188748434]]],[[[-148.80518654338584,59.35772574941527],[-148.8505782844074,59.71746308589067],[-148.51881034184402,59.668375178171274],[-148.5768374370734,59.41786585489102],[-148.80518654338584,59.35772574941527]]],[[[-147.60215236304796,59.54632903078354],[-147.6035932948716,59.52987956376922],[-147.7616121783561,59.51633508804198],[-147.60215236304796,59.54632903078354]]],[[[-145.84054974723693,59.836231144192126],[-146.65387375333037,59.611284095901325],[-146.73652958189228,59.90749252880232],[-145.9173057636858,60.149630191482],[-145.22870631877683,60.02611475024342],[-145.26528968642123,59.77977165979331],[-145.84054974723693,59.836231144192126]]],[[[-141.9805773419334,59.69971262610731],[-141.65739336281948,59.66166378366406],[-141.59842061322163,59.61950341152544],[-141.74330972795772,59.56723927037475],[-141.9805773419334,59.69971262610731]]],[[[-139.902728547617,59.24843766271848],[-139.24507179047527,59.082773771568014],[-139.83775790827647,58.856094793505164],[-140.71631209628254,59.115464822253614],[-139.902728547617,59.24843766271848]]],[[[-138.5899581587418,58.787588824022244],[-137.45520835729485,58.25812120378085],[-138.87727910214002,58.53787413647498],[-138.5899581587418,58.787588824022244]]],[[[-124.59520398476512,47.17615941803879],[-124.51101062247666,46.95551653940116],[-124.63055338999864,47.09153351247968],[-124.59520398476512,47.17615941803879]]],[[[-124.28358871050888,46.05162261132958],[-124.17799862330303,45.68038245733756],[-124.18394499254626,45.64423915119758],[-124.36297823951374,45.98332706332399],[-124.28358871050888,46.05162261132958]]],[[[-124.35465105380935,44.6066511407989],[-124.43563376969408,44.11442084487514],[-124.61980404938424,44.18021340888235],[-124.35465105380935,44.6066511407989]]],[[[-114.91079962427025,28.90545276763713],[-114.36084741935659,28.382314818094006],[-114.35035916786022,28.201825486591705],[-114.88556263575106,28.157304535716587],[-114.91079962427025,28.90545276763713]]],[[[-113.41513502990018,26.430973884971653],[-113.28283864828556,26.397772460497592],[-113.14458015071162,26.288881137638796],[-113.41513502990018,26.430973884971653]]],[[[-113.13427784889703,26.28135756483291],[-112.43636560817211,25.771685682790483],[-112.40391706484913,25.48558337650113],[-113.0232120063381,26.01462368734471],[-113.13427784889703,26.28135756483291]]],[[[-106.0476729340725,21.891565181307303],[-105.98748900358785,22.373577191048348],[-105.80844237061594,21.784097744390134],[-106.0476729340725,21.891565181307303]]],[[[-93.64066375904122,15.463095179934834],[-93.29262707631221,15.195790887158225],[-93.70940935579544,15.233631416489454],[-93.64066375904122,15.463095179934834]]],[[[-93.18458217931087,15.112808643578017],[-92.9774312763042,14.953709536001044],[-92.79723556091538,14.737974557593502],[-92.99858226169391,14.73194040306784],[-93.18458217931087,15.112808643578017]]],[[[-89.26443270548539,13.071617010886184],[-88.68115143291901,12.916269817478076],[-88.88206326190083,12.807539444807745],[-89.26443270548539,13.071617010886184]]],[[[-88.32885452712235,12.899664621731402],[-87.96886174243922,12.861445089982823],[-87.3278791216132,12.170674218897181],[-87.69819361879327,12.307100657483419],[-88.32885452712235,12.899664621731402]]],[[[-87.08993330144496,11.951949891491012],[-86.16224205906933,11.099198442082344],[-86.42275788726371,11.144356443608475],[-87.08993330144496,11.951949891491012]]],[[[-79.86228039857191,7.7921593070243516],[-80.05176665874681,8.090511641346211],[-79.40713847547339,8.51909237914339],[-79.36653962333604,8.048054357083501],[-79.86228039857191,7.7921593070243516]]],[[[-78.76000894268313,7.956362426627325],[-78.70306188392492,7.914287848291011],[-78.80372340445001,7.9365245068735595],[-78.76000894268313,7.956362426627325]]],[[[-80.62387748112137,-2.830147168559753],[-80.52784611868222,-3.164031404804234],[-80.64390343755754,-3.2234022236451794],[-80.62387748112137,-2.830147168559753]]],[[[-80.47574292780463,-6.799504826729308],[-79.24043716892793,-8.385202349394161],[-78.5283741643199,-10.063357837673134],[-78.67123867861376,-10.098133643920686],[-79.20970620938863,-9.45527355549086],[-79.19947121085185,-9.202152925390987],[-79.58748626552648,-8.811309492345677],[-79.59501726917112,-8.358631755320596],[-79.87225340788929,-8.066056421281742],[-80.03375017325305,-7.481604051294057],[-80.47261390082897,-7.139905034075358],[-80.47574292780463,-6.799504826729308]]],[[[-77.52386254867807,-11.778816288173633],[-77.49909174313305,-11.798918874944727],[-77.49848402773,-11.80609884362823],[-77.52386254867807,-11.778816288173633]]],[[[-73.55132602681674,-39.3280410141903],[-73.6111318372335,-39.64190904762815],[-73.66276486108819,-39.652502382001124],[-73.55132602681674,-39.3280410141903]]],[[[-73.37781601296153,-43.377950784142456],[-73.2987845100217,-43.54087726267469],[-73.45061071458687,-43.68646251178691],[-73.48372223452911,-43.606255222232875],[-73.37781601296153,-43.377950784142456]]],[[[-66.5105219782885,-55.5461181497969],[-66.79195827819902,-55.79723186660086],[-66.90057782879785,-55.62297748598535],[-66.69388395330344,-55.566541199213326],[-66.5105219782885,-55.5461181497969]]],[[[-67.31708520424901,-56.18501095037831],[-67.84257374825319,-56.57305707031788],[-68.25850959161718,-56.19116081380293],[-68.84663739030388,-56.26496550592949],[-69.39850117695589,-56.131458835967535],[-69.97091643026671,-55.67232822807675],[-68.46190523032935,-55.782144569771965],[-68.02321075761442,-56.115959981062396],[-67.31708520424901,-56.18501095037831]]],[[[-70.29071106601337,-55.519503264423804],[-70.39343773021274,-55.47041176329276],[-70.35263178161166,-55.44528765870069],[-70.29071106601337,-55.519503264423804]]],[[[-72.48105256167668,-54.650025697851284],[-72.67538548373025,-54.6479031265863],[-72.71651896010694,-54.62640324939836],[-72.48105256167668,-54.650025697851284]]],[[[-74.99773884975346,-52.587145230444136],[-75.00179990904134,-52.57414161347846],[-74.99397610679034,-52.581747723437125],[-74.99773884975346,-52.587145230444136]]],[[[-75.41615495704582,-51.91070091999138],[-75.5079591205186,-51.86263383001539],[-75.50689305260978,-51.85751713785483],[-75.41615495704582,-51.91070091999138]]],[[[-75.39930159838343,-51.06534224944119],[-75.48909024266395,-51.17357833270112],[-75.58315423538977,-51.036530298717395],[-75.5041902671277,-51.05945825981235],[-75.39930159838343,-51.06534224944119]]],[[[-75.23009075937173,-47.403067266286904],[-75.133966520062,-47.04681169462946],[-74.7401123802445,-47.177932128851765],[-74.82998242006926,-47.39538555715787],[-75.23009075937173,-47.403067266286904]]],[[[-74.53526908625146,-42.89135942850428],[-74.65587846000477,-43.070058138327646],[-74.66210729847579,-43.080345034737896],[-74.67020619058961,-43.00251890369532],[-74.53526908625146,-42.89135942850428]]],[[[-63.68524585718448,-54.45838836346189],[-64.56729700609127,-54.41662934133585],[-64.85953277623918,-54.54583749974135],[-65.07231702483766,-54.355090337918966],[-66.39116653160681,-54.1753765208584],[-67.38975245368158,-53.66400785742746],[-68.24028058580147,-52.61293046514976],[-68.07728629154748,-52.245964635640526],[-68.66536862962555,-51.5192906929469],[-68.84598650723602,-50.98866790891734],[-68.65665948077535,-50.572080318845096],[-67.67485396837216,-50.200756787084146],[-67.31152731036882,-49.219143411568695],[-65.47861234749921,-48.047133785104194],[-65.5348579781741,-46.989964504270034],[-66.66828319242838,-46.723669963130085],[-67.27471687318148,-46.17240564714557],[-66.75976570899593,-45.52532125358297],[-65.32309639629435,-45.15701047314627],[-65.25419513435152,-44.79619661621306],[-64.92590571110024,-44.43942558883844],[-65.01147234094712,-43.75848428234925],[-64.7684117806196,-43.492160668658165],[-63.34831912136837,-42.87789591874164],[-63.30142280735887,-42.25460433829861],[-63.5307104854521,-41.895005669757055],[-63.76130084575868,-41.77781317076104],[-64.43742125378418,-41.95412376897369],[-64.72657007285518,-41.8650512970225],[-64.79762804805718,-41.16359909277452],[-63.670322080692216,-41.456955160430525],[-62.946186574666825,-41.42726901287509],[-62.158651483303885,-41.11337256106663],[-61.77021514722448,-40.60745957416463],[-61.835751410152454,-39.93478571171851],[-61.56864577926071,-39.23537506334001],[-61.090025425703814,-39.296288995105236],[-58.2776068057038,-38.78798821410523],[-57.3781981360618,-38.360696698406386],[-56.387602759493184,-36.90118264067954],[-56.4916676950286,-36.14913832469483],[-57.00911844325249,-35.90589170486021],[-56.8663751380362,-35.294769323559805],[-57.54293998029288,-34.76219016239051],[-57.217751470909796,-34.75292771428036],[-56.200704788331834,-35.23785200112751],[-55.679592817700474,-35.080535422366],[-54.956292635314,-35.2733936704759],[-53.58839964854615,-34.632993207099254],[-53.21335163079262,-33.99360814155749],[-52.39086718332897,-33.293605919987485],[-51.870800298680194,-32.38569089104838],[-50.49161795845164,-31.23737276309159],[-49.57527940137275,-29.636094872492738],[-48.502918423475464,-28.689358727597583],[-48.07773280375623,-27.474130305246327],[-48.307384181536854,-26.906373381614113],[-48.272996570110394,-25.983821750084182],[-47.62547817148977,-25.20349859222459],[-46.78980716852133,-24.53642147006273],[-45.802058995911246,-24.071311691619805],[-45.09302180350854,-24.22852292365786],[-44.98384739723445,-23.784683220826523],[-44.25804123463395,-23.47173473896934],[-42.27094135343383,-23.27983855903696],[-44.56018881136989,-24.176741382539387],[-45.486707678028765,-25.50952777853646],[-46.01277635255117,-25.484056870076564],[-46.854279119320736,-26.151327701995836],[-46.9674156533176,-26.709809022176735],[-47.92341097471304,-27.864884668552182],[-47.909035084531205,-28.12715207735729],[-47.66348975660903,-28.34734226571203],[-48.39235957986035,-29.091208158434224],[-48.574216262817174,-29.81443510113608],[-48.980213038467355,-30.02032165229619],[-48.95843755474379,-30.356800739212016],[-50.101338499981125,-31.37380329526822],[-50.918402355833315,-33.162631740458814],[-51.66511023004074,-33.528758171207784],[-52.75691406038289,-35.21206642923063],[-53.257808823722435,-35.34018494477143],[-53.36770594239176,-35.84588026489714],[-53.9189312309341,-36.21453138127062],[-55.44730253563136,-37.76744980772001],[-56.16588309631952,-39.470944599175475],[-56.70242887662922,-40.21963162722729],[-57.544359202455084,-40.971900010784275],[-57.58976500158062,-41.281860389710765],[-58.634436208473694,-42.14414963501639],[-58.88355099879965,-42.02882309905978],[-59.2785105302598,-42.1678860479269],[-59.40043041516375,-42.39432705552575],[-59.317815517013386,-42.70822244982164],[-59.63080866329092,-42.73412628608342],[-59.83175118476662,-42.973435161437465],[-60.16741768806177,-42.952389973762095],[-60.47922171362038,-43.28531373616825],[-60.66615003590286,-43.8981310515397],[-60.18891932626041,-44.25108066969237],[-60.4222221314631,-45.88378800884665],[-60.857518615760604,-45.884737973542386],[-61.093487590074005,-46.46632101954147],[-61.010293199272766,-46.726146068347305],[-61.45587500025732,-47.00792969549982],[-61.348880650637874,-48.256025889126235],[-61.674801690839,-48.56213529044449],[-61.66136498788806,-48.86525258197104],[-62.26087882338057,-49.38965824529529],[-62.28580557668352,-49.66933561548338],[-61.98125422275685,-49.8517224383801],[-61.15436081678573,-49.76813128504728],[-60.91916200375114,-49.55859437147601],[-60.36448969079196,-49.724440449375784],[-60.61582291705845,-50.264452062272625],[-60.43349720702574,-50.572739760098905],[-59.38492647799988,-50.48131902414526],[-59.09304234792189,-50.696384359864986],[-58.40874580996989,-50.555760208282585],[-57.21296802697886,-51.06168379197785],[-57.49319350902784,-51.449755786096965],[-57.85778075335304,-51.08060781973314],[-58.94280743738069,-50.9486754075315],[-59.20980687149722,-51.09244542544081],[-59.46895913572223,-50.96769526800481],[-60.757126295276194,-51.01099681084498],[-61.17822305460485,-50.76981471488452],[-61.38848253871174,-50.920287230329755],[-61.40362663715141,-51.17839899845311],[-60.92243384133323,-51.46710270453424],[-61.41221059592754,-51.41142862545192],[-61.613150523909376,-51.77137853564566],[-61.66947064297901,-51.12679280463851],[-61.908421761636816,-50.94152021542406],[-61.85853069639411,-50.48639931768171],[-62.56774937699164,-50.36095266838776],[-63.11010442492913,-50.94090250821882],[-63.10717922829188,-51.2415936195843],[-63.805460307921045,-51.362762160358436],[-63.88635005138174,-51.79801184580138],[-64.45545702285638,-52.04233201960379],[-64.85380185912086,-52.652963160411154],[-64.72120263826442,-53.34469622850481],[-63.68524585718448,-54.45838836346189]]],[[[-41.89392883074656,-23.256675542540194],[-41.58265154907918,-22.666271756730534],[-40.72371174544305,-22.154176306317474],[-40.745567332981906,-21.528162770977872],[-40.55970432251181,-21.142706829886357],[-40.36020189778367,-22.061080375203044],[-41.60800700790231,-23.430589752513004],[-41.89392883074656,-23.256675542540194]]],[[[-39.46652288992532,-19.410075598913767],[-39.36999734847447,-18.398787789425445],[-38.86506311866375,-17.806062737354694],[-38.888678582307385,-17.285809467208562],[-38.53782359447954,-17.680062224481453],[-37.74381928686222,-17.945029990206294],[-38.04142383342249,-18.178871145789774],[-38.258813018245434,-19.085495291485586],[-39.46652288992532,-19.410075598913767]]],[[[-38.67693669528936,-16.32788931061723],[-38.616203466950346,-16.098918058924145],[-38.38351894781757,-16.157925412098976],[-38.67693669528936,-16.32788931061723]]],[[[-39.2832776552113,-2.89954341171213],[-39.92832924485127,-2.5539407628111315],[-41.39583009772157,-2.609548304346099],[-41.67203018257315,-2.476684692360967],[-40.96892238047706,-2.2577538597194886],[-40.73914842096081,-2.402217662131273],[-39.98756092091999,-2.4395347227833484],[-39.2832776552113,-2.89954341171213]]],[[[-41.87094521014863,-2.431612156713295],[-41.911625937768136,-2.438644519223862],[-41.96276569221555,-2.407736963207393],[-41.87094521014863,-2.431612156713295]]],[[[-42.41270901441179,-2.4365211624447776],[-43.54454799223504,-1.9888902910081327],[-44.121986063776504,-2.127946196643961],[-44.765706441817436,-1.0513267974499638],[-45.434190046949126,-0.9981754975726701],[-46.10193597552707,-0.624233938435838],[-47.23257521170705,-0.2992277772492414],[-47.84660755813815,-0.267525046208171],[-48.12261092154687,-0.4109725753219292],[-48.24418058499163,-0.011080092785705431],[-49.089693653802904,0.14307397259595667],[-49.36066637464209,0.6011766472591578],[-49.74007764082773,0.6221689242530987],[-49.58810191769942,1.1568920817336807],[-49.66888153133725,1.8244592433267408],[-50.4486196644274,2.4655530423536427],[-50.9434611474712,4.2701792287532445],[-51.31041475923899,4.6591357269870235],[-52.84533263345885,5.717863931984971],[-54.160457660165655,6.180275418214241],[-55.840524328671705,6.275936903531289],[-56.09358626928556,6.142714162867914],[-57.351140880004465,6.51629206313775],[-58.19028314418783,7.228550512671574],[-58.236862243451306,7.532230386985984],[-58.97191458911671,8.288219975435185],[-60.079063260570756,8.89933853758611],[-60.41295737759933,8.913217327152097],[-60.51642458752159,9.446426389729265],[-60.909192002134446,9.851230872341509],[-60.71027802978383,10.046807336147971],[-60.60788922374172,10.851632743653521],[-60.52836533366394,10.140794307936641],[-59.91485869783915,9.342561669432067],[-58.92191962732707,8.447790204482178],[-56.040680802453494,6.824901272299694],[-55.2739895195289,7.082252944649515],[-54.35427034215816,7.144468280543119],[-53.52853895068274,6.948949764746057],[-52.80563771690199,6.53586334544285],[-52.854879904429595,6.2608042850680805],[-52.58846875633837,5.809219938136237],[-51.83396015655374,5.732713763560323],[-51.1145227418913,5.0596277678673],[-50.82716717718899,5.016048548794911],[-49.98250178012283,4.048656613798023],[-48.93570856143389,3.4935237085234476],[-48.72792492456238,2.9813680820961705],[-48.41162518012297,2.9159179069825454],[-46.66241653108406,0.9639779120082868],[-45.610687458140966,0.27256372454662464],[-45.52576921336456,-0.05007335552825534],[-45.169170724056784,-0.24495881878591896],[-44.84807705676711,-0.01810562745341581],[-44.673692136652114,-0.0751628448416263],[-43.05344717447552,-2.0921516069323283],[-42.07181853842433,-2.3793810044169916],[-42.41270901441179,-2.4365211624447776]]],[[[-61.146295239245546,11.138606926147334],[-63.488762406988265,10.99481136066073],[-63.63218378635499,11.310726986036922],[-61.146295239245546,11.138606926147334]]],[[[-70.5260887122955,11.595922260667397],[-71.50631517686735,11.274082054400724],[-71.55651724933995,11.380040074852703],[-71.1965514608356,11.519666925804174],[-70.8620757934269,11.90239573848139],[-70.97277813261115,12.441286114981493],[-70.83059434373462,12.4787549860255],[-70.30827567848237,12.318951056454157],[-70.58713254513668,11.95138463295331],[-70.5260887122955,11.595922260667397]]],[[[-71.57858721775425,10.142885611057348],[-71.34152817646213,9.680559759439475],[-71.44738843873569,9.471332598422977],[-71.79401744208879,9.79109621197982],[-71.57858721775425,10.142885611057348]]],[[[-83.28247434739424,11.950071927698096],[-83.4247561289389,11.817210601313038],[-83.3506620427913,12.101278752830542],[-83.28247434739424,11.950071927698096]]],[[[-82.88076161902333,12.449177920571064],[-83.18347821180747,12.449914008381],[-83.25465520429229,13.369336537614812],[-82.94085041847075,14.154191233441605],[-82.5652916014064,14.120515651240929],[-82.44294939548611,14.504200947576564],[-82.66861821863803,14.707625697061644],[-82.98842512200744,14.616391720212212],[-82.87866477001535,15.160136188735834],[-83.89882086283944,15.89456427015153],[-82.79166116177457,16.35835701484971],[-82.05099467521273,16.351172628069104],[-81.41309771374901,15.910370463602929],[-81.27486678690902,15.573511728569331],[-81.63705904662508,15.650431848125164],[-81.86805505628647,15.489292173559168],[-81.85579113579439,14.938200816459457],[-82.17387312776673,14.452417737596326],[-82.24562820502136,13.85143144470886],[-82.88076161902333,12.449177920571064]]],[[[-86.7597045737837,21.74874320015545],[-87.08076195264526,21.921863009971265],[-87.54302829911454,21.80413702320704],[-88.1647319860459,21.913954136877877],[-90.20101953458823,21.447236328966138],[-90.62671700544617,21.131861540556898],[-90.74985604253453,20.108200928922205],[-91.02598075863123,19.511785998990966],[-91.87144528211923,18.98121486005796],[-92.74267301262277,18.91210833478659],[-91.93291975854173,19.835259359967385],[-92.20911428082717,21.075274274758396],[-92.12960107962616,21.790842536805833],[-90.06677387121265,22.542374658958572],[-89.84456598904842,22.13873729939444],[-89.51629931588666,22.099304016291292],[-89.36027837191553,22.44326034654221],[-89.68419721510973,22.879123550977873],[-89.15153850236021,23.014892801359117],[-88.72874152706339,23.608570312961824],[-88.47894867035194,23.43199120789398],[-88.07056424650074,23.576394632835875],[-87.50745067171195,23.34843667839547],[-87.24936069244369,22.336006364625096],[-86.7597045737837,21.74874320015545]]],[[[-93.02268079884256,18.7569035905192],[-93.1834383055739,18.658653179651914],[-93.24772131663889,18.672112068667076],[-93.02268079884256,18.7569035905192]]],[[[-97.337909153157,24.33069705949563],[-96.8394476519333,25.940577073534424],[-97.07695359315844,27.168598756835607],[-96.70263038373481,27.80248221306077],[-96.10890349476026,28.210507306626884],[-94.49301098602669,29.142721617683403],[-93.22225083131782,29.468222769474444],[-92.36431734016921,29.238566277553904],[-91.62382853873765,29.24563455784026],[-90.97888420353149,28.758112582524994],[-90.20379503550603,28.787775337791068],[-90.24633922417821,28.483326912585365],[-90.65130489697553,28.33468738845641],[-91.8677074690952,28.150499882538913],[-92.80810524550077,28.221732563037605],[-93.49184688944261,28.04624326861685],[-94.74570462518847,28.16985198015905],[-95.74889556742788,27.990393059001946],[-96.30988164682071,27.67535609535415],[-96.74925212856974,26.924158159716463],[-96.65130666247882,25.66724236444253],[-97.337909153157,24.33069705949563]]],[[[-89.96211368395376,28.929505099877453],[-89.8026881503695,28.999518674704277],[-89.71022741051615,28.97289405517479],[-89.71321715966879,28.91530034603125],[-89.96211368395376,28.929505099877453]]],[[[-88.77038080356806,29.35475784285548],[-88.52985282794776,29.918115433909986],[-87.34023705040873,30.013153491227666],[-87.7244185155518,29.652033943605915],[-88.77038080356806,29.35475784285548]]],[[[-86.53589139602326,30.098836309449723],[-85.79214397927689,29.843084415037254],[-85.5282083121429,29.439967734240703],[-85.14524968958625,29.331118205002838],[-84.07538736726856,29.774616835245542],[-83.62059624688273,29.44982190649991],[-83.24365798184147,28.900386700752804],[-82.9897784336599,28.842556545992913],[-83.14237527784852,27.824940089557128],[-83.00292176112328,27.392027918546564],[-82.41076348817234,26.276837982520405],[-82.0877170173204,26.12328418583628],[-81.87382424913358,25.634724174799494],[-81.42118306509154,25.41531207470968],[-81.39279033478519,25.052144968935494],[-81.9302912746165,24.819943575103007],[-82.25321679301872,24.872806351528812],[-82.54173776394688,24.59769953454676],[-83.43522634972052,24.813068118739725],[-83.8384094477388,25.09741167952266],[-84.08038159087302,25.55163756170353],[-84.12274287189449,26.524116968794388],[-84.30716249632276,26.835959137087386],[-84.49201998250791,28.00313815888205],[-85.96089037805706,29.541011004469702],[-86.94025902547718,30.062855704351996],[-86.53589139602326,30.098836309449723]]],[[[-80.26242248141939,28.611366545935677],[-81.0118522266565,30.003254570020616],[-81.17255587848705,30.64702460683097],[-80.82893410257424,31.608977261270077],[-80.20320600306788,32.2137384109947],[-79.18290410459402,32.76990277206531],[-78.57018851339195,33.536028692502434],[-77.82272416434516,33.58658386636393],[-77.53609743687487,34.07902591351907],[-77.1111425452354,34.35042667303592],[-76.41944608072777,34.333326880468235],[-77.29539945172186,33.51719346826963],[-78.84237646343438,32.73493965087456],[-79.86620394683152,31.61343732313385],[-80.49892942534153,30.25980453916698],[-80.26242248141939,28.611366545935677]]],[[[-76.2450997951042,34.49576683869185],[-76.1818010181321,34.57503417050556],[-76.0134567852674,34.711590655678265],[-76.2450997951042,34.49576683869185]]],[[[-75.98622170241944,34.73696582042132],[-75.98137231192501,34.74228010871156],[-75.97876261041104,34.74391552164322],[-75.98622170241944,34.73696582042132]]],[[[-75.21974413418246,35.46604346233694],[-75.67467717387085,36.922318262428774],[-74.9168282826805,37.965104504233544],[-74.77047874110063,38.68999126329263],[-73.88551275318281,39.52045774418048],[-73.70136699590974,40.292808955215996],[-71.45547872592377,40.87639157163743],[-71.24497333031958,41.17496779396614],[-70.86699174576941,40.953335774431146],[-70.45662279491356,41.06723155630547],[-69.87867771552956,40.9627948900496],[-69.68064700224791,41.16047833896869],[-69.64480951373822,41.61563048595444],[-69.04986411400644,41.584241560381315],[-68.89025756054372,41.99070446049537],[-68.60927825486652,42.087352780729326],[-68.69101816829121,41.706017223376094],[-68.43132912279663,41.49868204973509],[-67.59858388375594,41.89658102342567],[-66.1303404277942,41.81584704576473],[-67.47439533367502,40.76171016776778],[-69.37189040374614,40.272663837716244],[-71.20834827840196,40.36621668566352],[-72.44105182279226,39.76469934858803],[-74.71900943712706,37.5828936534537],[-75.21974413418246,35.46604346233694]]],[[[-70.42390260248756,42.30340014431723],[-70.30010147155501,42.67724898455504],[-70.49073334341443,42.92753020694957],[-70.04399770841508,43.43226114915773],[-68.95554244521185,43.766807985841446],[-68.53138565984779,43.733469275915716],[-68.08486734049531,44.02932571931891],[-68.42304336867923,43.474021796828644],[-68.71456855096844,43.333018992084156],[-68.82009766071505,42.84440669256995],[-69.85761477001184,43.30724783344857],[-70.1339476583379,43.2621602227087],[-70.22307979924868,42.38415635770439],[-70.42390260248756,42.30340014431723]]],[[[-66.99021964050087,43.79959911698432],[-67.07790818977293,44.36909591615637],[-66.61904762834034,44.32899119579314],[-66.36140069773948,43.56316730469411],[-65.62298311626347,43.128424330570276],[-64.85288276998763,43.47047986132067],[-64.33265904093037,43.97414316715673],[-64.43255088545781,43.447431286002946],[-63.83019114773602,43.12365194756331],[-65.46729867916139,42.470137946017246],[-66.0140202758767,42.81868169007669],[-66.76100057745414,42.96697236423206],[-66.71168582109068,43.57317882176201],[-66.99021964050087,43.79959911698432]]],[[[-63.47983202081569,43.155994316351624],[-63.438260232715706,43.2006631378302],[-63.37481298251808,43.165688838929846],[-63.47983202081569,43.155994316351624]]],[[[-63.102401618952435,43.19083568999096],[-62.54623844730139,43.51938826582938],[-62.43721323318894,44.01248261123449],[-61.815366387655494,44.277305479417876],[-61.88196102438463,44.69799098352751],[-60.84438392400425,44.99858384628339],[-60.668936461986576,45.27386447078047],[-59.50438406470218,45.774449802252676],[-59.408515758780524,46.01088635732985],[-59.55227870769978,46.32186150258515],[-59.07907193945088,46.02277321280312],[-59.34105216904143,45.772142751521606],[-59.24668244447056,45.45053984316056],[-58.330689164791295,45.54976111916052],[-57.69522388562289,44.69843103843622],[-58.779177871687644,44.320014016944576],[-59.154110140710905,44.49666014623835],[-59.46653222007828,44.19326796031524],[-59.686807447170494,44.313723460765424],[-60.19674241679686,44.252991006137464],[-60.41843670629674,44.043520349793],[-60.35535123690616,43.76272655145219],[-61.82901000048963,43.30838507909433],[-63.102401618952435,43.19083568999096]]],[[[-63.07090237339227,44.469038579538854],[-63.27320076226025,44.23303032386513],[-63.358836758896835,44.266983068698565],[-63.07090237339227,44.469038579538854]]],[[[-63.84427118012452,44.18269100902659],[-63.99467428618726,44.14657057804302],[-63.94548023605235,44.20677848679482],[-63.84427118012452,44.18269100902659]]],[[[-66.42656068798954,44.778688878241766],[-65.95580049861424,44.97586664421861],[-65.91215361101838,44.968098350028406],[-66.3918961918137,44.64712124941323],[-66.42656068798954,44.778688878241766]]],[[[-60.016694988819246,46.46411379546889],[-60.04291109337183,46.63196357843953],[-59.78431035087901,46.46851609839872],[-59.81908241053243,46.469745502536036],[-60.016694988819246,46.46411379546889]]],[[[-61.81122450032705,46.171333438196],[-61.68111384182129,46.50441438214394],[-61.88532896816479,46.74032139065378],[-63.58136497149827,46.774077683260884],[-63.73481712656809,46.90565563439856],[-63.74216409077171,47.22553131585096],[-63.9561388439456,47.36452422753852],[-64.50696765756634,47.00704191152963],[-64.59065010766913,47.29636672488263],[-64.23666187355362,47.72762578079948],[-64.24357316701861,48.16963559820872],[-63.88995605458078,48.548177403182315],[-62.89302144840972,48.12917984228778],[-61.706324951173904,47.88987337246143],[-62.12715123139636,47.6352962826243],[-62.283991428197865,47.348249589794285],[-62.105617588466075,46.94025411737711],[-61.610009553728105,47.002604470061684],[-61.14037080589879,47.4591177008798],[-61.08959503760057,47.701449177919606],[-60.78912090554176,47.50774367452021],[-60.67245913345008,47.302047659226815],[-61.81122450032705,46.171333438196]]],[[[-60.360348886459676,49.930275871662666],[-60.09778026938742,49.915301223031726],[-59.856946267814926,50.010629489015486],[-60.0735882699559,49.76366521249637],[-60.360348886459676,49.930275871662666]]],[[[-58.5801909465396,50.651445887526066],[-58.08627360810247,51.08664770339399],[-57.35788823087832,51.1543738868623],[-57.52501296109303,50.99299027312906],[-58.5801909465396,50.651445887526066]]],[[[-55.10461861246651,51.55529250248903],[-54.891445293196924,50.982758956941446],[-55.15484833068536,50.75903373771008],[-55.314908416340536,51.183588347843894],[-55.10461861246651,51.55529250248903]]],[[[-53.52449405165003,49.61679409917784],[-53.707664283381156,49.79249632895265],[-53.51692479590355,49.70846932492721],[-53.52449405165003,49.61679409917784]]],[[[-52.461899889122186,47.85148198034282],[-52.1556365471215,48.17075758108918],[-51.96484487409789,48.15661842220009],[-51.79420303948363,47.87994250497369],[-51.30550050415792,47.787523588942996],[-51.08117901517158,48.03076952020889],[-51.22086832876523,48.37649850995169],[-50.38099938628259,48.319878604802184],[-49.95380875295411,47.88367562257747],[-47.931539847744986,47.065578425316545],[-47.748140231381676,46.63058624636813],[-47.823864401956705,46.472235277077495],[-48.067938493898,46.146161317501665],[-48.888791923315566,45.73329992900367],[-49.37905198090565,45.08582139714364],[-49.47282178374764,43.96183288760087],[-50.06797099092849,43.20477062070559],[-50.45680273146225,43.16722185892625],[-51.758798978991706,43.75780285324164],[-52.8581239618953,44.66595021486589],[-54.08105177052222,45.028625503772005],[-54.389489769695416,45.38274698292232],[-55.20590885439455,45.45049764510134],[-55.97191590283833,45.2511429516484],[-57.02561820734478,46.54097769261434],[-56.65819290155342,46.77077975717533],[-56.543523364673256,46.54459102742118],[-56.267753399579156,46.458147630779386],[-55.237183349343496,46.618060061247654],[-55.09172389954213,46.19157316152665],[-54.871512162041384,46.06084917306015],[-54.61092039377977,46.16955837020578],[-54.40882673224378,46.62520630963494],[-54.14617148382422,46.53144452433685],[-53.85525175188654,46.67829242099031],[-53.65984816937645,46.337392729208496],[-53.05664587776969,46.34185031945388],[-52.6579315650802,46.692750799205214],[-52.367111975248676,47.5469903760152],[-52.461899889122186,47.85148198034282]]],[[[-59.17280504360521,48.88211122863913],[-58.80697591142409,49.42601261132672],[-58.409517899501054,49.61087242950529],[-58.77288872932118,49.080066821742555],[-59.17280504360521,48.88211122863913]]],[[[-55.3630799660132,52.53722723617812],[-55.506174908169534,52.79382983724259],[-55.478037250815476,53.304841312728236],[-55.15564511306509,52.80202928771538],[-55.3630799660132,52.53722723617812]]],[[[-55.34864696658412,52.422512927896285],[-55.203347268911564,52.25079086563129],[-55.23163320755705,52.21814774956821],[-55.40172562422415,52.25868347121824],[-55.34864696658412,52.422512927896285]]],[[[-57.0116853570773,54.17899036710154],[-56.93450100824682,54.54753680333894],[-56.45273200392321,54.088542412543056],[-56.698359257118234,54.06519750682664],[-57.0116853570773,54.17899036710154]]],[[[-55.27531239332464,54.051348765602626],[-55.03453319738563,54.50521188116629],[-53.891082102921175,53.61166310410726],[-54.19179732915376,53.63116895661956],[-55.27531239332464,54.051348765602626]]],[[[-59.486737837049446,55.43971712943327],[-59.500544304738646,55.449869776549875],[-59.50064803175642,55.45008214586422],[-59.486737837049446,55.43971712943327]]],[[[-59.74133249833328,55.62942531850098],[-59.938639338306515,55.58440818684678],[-60.04368035264273,55.85471623238079],[-59.74133249833328,55.62942531850098]]],[[[-60.77680894924025,56.218221669121796],[-60.785790244130915,56.53518728117731],[-60.33525934339914,56.08446069127818],[-60.613629517021124,56.21903516881554],[-60.77680894924025,56.218221669121796]]],[[[-60.8800112142504,56.856615466232],[-61.314286797075944,57.38722454059684],[-61.34162864316611,57.57774997639215],[-60.871221005641864,57.281217806836196],[-60.8800112142504,56.856615466232]]],[[[-60.333265568737254,57.419664745323914],[-59.858232682123514,57.397480364276795],[-59.26772721174499,56.57383279053426],[-59.905579213629125,56.90137367348675],[-60.333265568737254,57.419664745323914]]],[[[-61.538231088896126,58.61765704138789],[-62.2864933122676,58.60385021845912],[-62.559448336997576,58.77722684545738],[-62.92983167893463,59.28435289533018],[-63.70721977161496,59.908083064927744],[-63.375595263205234,60.06428464095227],[-62.46996462290152,59.99952246952832],[-61.43570110644889,59.51683118802274],[-61.26290084261422,59.072810319226605],[-61.53039131745954,58.89280557962146],[-61.538231088896126,58.61765704138789]]],[[[-60.83124871810753,58.56629357257977],[-60.635869778991434,58.55578722567001],[-60.91420825901142,58.51197776020287],[-60.83124871810753,58.56629357257977]]],[[[-66.2142496341351,59.10738022189541],[-66.23920259717667,59.1172188054237],[-66.19457832893886,59.12909163406244],[-66.2142496341351,59.10738022189541]]],[[[-66.63681801493937,59.012666196978415],[-66.80452417146765,58.756400398953026],[-67.35188363601563,58.60267689525438],[-68.77705373075398,59.22152909759119],[-69.23510265836916,59.544844501741565],[-69.44745704307266,60.40760740092908],[-69.08895256927849,60.73416035217405],[-68.58147474760051,60.56826893729189],[-68.71035799461905,60.13664951397535],[-68.4038947277938,59.91007633902119],[-67.66660781080706,60.17673543779401],[-67.55625381445016,60.489038590061526],[-66.4206969991529,60.47453439065876],[-66.63080221663125,60.305637517804],[-66.65297907044358,60.04888278366304],[-67.29082218593624,59.83713179920772],[-67.67814022779112,59.9953022932766],[-68.10646760002649,59.6357755287766],[-68.03560748529756,59.38646217642364],[-67.71752401770834,59.20019721119205],[-66.63681801493937,59.012666196978415]]],[[[-70.1247635104454,61.385694238413],[-71.21986541122864,61.43913146336686],[-71.29293495061009,61.53097038852926],[-70.52587129227712,61.415255927141835],[-70.1451299886443,61.68984593540609],[-70.1247635104454,61.385694238413]]],[[[-70.11856230004615,61.738489209991855],[-70.16097754971378,62.04510262525449],[-70.56522376210383,62.26355287876815],[-69.8126928090965,62.46057007374994],[-69.64230262384743,62.357082564781926],[-70.11856230004615,61.738489209991855]]],[[[-64.060957862914,62.47810769959249],[-64.348885399637,62.80145449513239],[-64.29490332509559,63.07779963217925],[-63.85621650893701,62.85267383360905],[-63.47209978720408,62.97506209289241],[-63.26184626306883,63.2510532873356],[-63.148581539918354,63.114085091097316],[-63.14737853669513,62.91477937341348],[-64.060957862914,62.47810769959249]]],[[[-64.37527575166037,64.14279673527204],[-64.36991849717539,64.1423155393434],[-64.37418815281185,64.14185033977044],[-64.37527575166037,64.14279673527204]]],[[[-64.23983001336134,64.13063081371602],[-64.21604207925034,64.12849414892311],[-64.21555709073913,64.12468342800558],[-64.23983001336134,64.13063081371602]]],[[[-63.019569351305066,65.14895953019354],[-63.02376582974984,65.29676022098823],[-62.52989583022323,65.31748341902737],[-62.698685791968664,65.21674032954445],[-63.019569351305066,65.14895953019354]]],[[[-62.47883631262326,65.34795853435612],[-62.457547238805745,65.36529054143853],[-62.44925971283692,65.36561146826324],[-62.47883631262326,65.34795853435612]]],[[[-66.29664439771688,69.28771079185775],[-66.2826140910692,69.74447729024632],[-66.82513461375063,69.80356083792286],[-67.16809444854333,70.25848956571514],[-66.37847171614426,70.03295561594113],[-65.86888560748915,69.63197480113234],[-65.84505709887529,69.38552088479426],[-66.29664439771688,69.28771079185775]]],[[[-87.13456093724726,67.6518411524622],[-87.29116877385798,67.56794004054808],[-87.93354256547937,67.90129539837689],[-87.49266640396945,68.31498938794714],[-87.84735600034095,69.05214621858815],[-89.02472636378711,69.56699064517422],[-89.44395320626484,69.52770296718707],[-89.89613477850097,69.22719799010682],[-90.02568610412717,69.69094491816882],[-90.8979978746826,69.7868347772969],[-91.30831210170066,70.38251785701554],[-92.05508871787598,70.86951429518362],[-90.92380218946977,71.03010408409095],[-90.37700387620511,71.77697382541415],[-90.0746333368846,71.13700476386204],[-89.07423442383755,70.2956588494497],[-87.635136731912,69.95043286769878],[-87.01339779983212,69.39029306592462],[-86.49554860395054,69.26933758126044],[-86.42342972690084,68.88218617655409],[-86.55279328441166,68.52325548282612],[-86.91859027816427,68.52124222366616],[-87.26756014141364,68.1915178923923],[-87.13456093724726,67.6518411524622]]],[[[-92.45556962065181,71.00092259942085],[-92.59122532504695,71.04136852992134],[-92.7783017507694,71.56931311934156],[-93.60408251591687,72.04127865033294],[-93.16459417392521,72.45528149483602],[-92.52176522439754,72.4498384744084],[-92.69226348237464,71.6466105162755],[-92.45556962065181,71.00092259942085]]],[[[-96.8608160326202,71.14102981558997],[-96.83117712809518,70.11550045816891],[-96.69366541702854,69.88379094586381],[-96.95132730994852,69.89607190655404],[-97.27065167717572,70.24205256523466],[-97.97973188573906,70.1909362873645],[-98.71814699505752,69.83316995185706],[-98.90694766430134,69.49836886878562],[-99.78601183203611,69.25941696925513],[-100.13121411050916,69.43617336095267],[-100.73106558469753,69.27821482773528],[-100.70245984290415,69.96466625550832],[-100.45216200547644,70.23199378494161],[-99.96595538842872,70.3838367094166],[-100.0026446754452,70.81029700240188],[-100.80421519921664,70.9677374911328],[-101.08565063062302,70.48018136994405],[-101.34474615335976,70.44270148964287],[-103.03626393678978,70.97317148438322],[-103.48327658252472,70.89496682696526],[-104.0529290519483,71.15631431110221],[-104.1088129511585,71.73275006667512],[-104.66667866845098,72.17920369771306],[-105.02679245641153,72.69910050800878],[-104.8605337683609,72.82058790955051],[-104.65548435665721,72.29485415963501],[-104.2149422078116,72.17012699366731],[-104.00646690147643,71.89979699633655],[-102.81621420458461,72.08592358056829],[-102.62929303947796,72.40910693375153],[-101.86834014218513,72.02146280031135],[-100.71977084962005,71.89365099040468],[-99.5924045339306,71.35251369330899],[-99.28080213298523,71.05309886187406],[-98.68359970973701,70.97531853144051],[-97.27930654165846,71.38824796110069],[-96.8608160326202,71.14102981558997]],[[-101.8276283644854,71.30224576612203],[-101.58181176177662,71.52747590444586],[-101.69589785508305,71.84074700220424],[-102.03813380462739,71.96536329715765],[-102.42763620562577,71.72753538939334],[-102.36243410802481,71.30871517755445],[-101.8276283644854,71.30224576612203]]],[[[-95.38757783801142,69.16001489883153],[-94.66661129376976,69.33842471966511],[-94.60003740673697,69.28763593970871],[-94.91531099224218,68.90927267434972],[-95.06087373825406,69.11367750448899],[-95.38757783801142,69.16001489883153]]],[[[-94.57770090296341,68.45676172673514],[-94.85357555128196,68.34034248314465],[-95.61994075964846,68.41235077983406],[-94.93493051876551,68.73381247381926],[-94.57770090296341,68.45676172673514]]],[[[-99.28842806212486,68.02864947082378],[-99.89528237051432,68.08152246985769],[-99.7799654761507,68.39902319589348],[-99.97810153301528,68.64537050274109],[-99.76262713129483,68.776749981741],[-99.24096663121438,68.53376128615345],[-98.9158098107151,68.60019775619595],[-99.28842806212486,68.02864947082378]]],[[[-100.4636107093972,68.13103884190494],[-102.19338384821975,67.99619086080088],[-103.12794673195222,68.2571574959872],[-103.3640525070335,68.46504435910138],[-104.13675436092647,68.38030523369348],[-104.15090614330897,68.5555535439607],[-102.61922949061714,68.55108767939478],[-101.79510653829409,68.27525628330213],[-101.41914704067824,68.52539766015974],[-101.44254689249203,68.85771594882246],[-100.86020337000801,69.18928491339422],[-100.88888204625468,68.66354417037736],[-100.49241612178626,68.47599845257953],[-100.4636107093972,68.13103884190494]]],[[[-108.36956797551254,73.69273029600633],[-108.59499194890014,73.08915191149715],[-108.27286684615237,72.60201928467399],[-108.19657613044795,72.30559447584622],[-108.42246607834163,72.77888983346061],[-108.88718664954698,72.96840203417273],[-109.01918446856322,73.42491874950991],[-109.32540399111902,73.73288958493166],[-108.36956797551254,73.69273029600633]]],[[[-113.51699342888999,73.31119850129353],[-113.66066391459404,73.09631014577732],[-113.71299521932072,73.31271576494005],[-113.51699342888999,73.31119850129353]]],[[[-104.2557555658392,73.7197974178732],[-103.69762403312969,73.75981878348568],[-103.50068618861458,73.92715122886749],[-103.58081935818201,74.45978157518027],[-103.95949011555128,74.77632162312234],[-103.33116323992465,75.01853909608951],[-103.30029745414987,75.26926780508828],[-103.48875586647827,75.48437336830126],[-102.65985996836933,75.19928240299173],[-101.07986799474409,75.32076181755393],[-100.41904669522766,74.72734201685856],[-97.99564578555726,74.71423912175398],[-98.05093760649196,74.33641644073857],[-100.98703348834763,74.11451836890758],[-101.80856278796877,73.72913321234337],[-101.90779802777648,73.39052617673673],[-102.66649182815834,73.2794613376712],[-102.82130378423659,73.41444725324688],[-102.85908096466814,73.52292716931508],[-102.53427229982168,73.58994442665502],[-102.27141889955446,73.94454906329753],[-102.29598550493542,74.1991455485791],[-102.50797915568496,74.34225942093097],[-103.27316234466805,74.26576167431936],[-103.48223172148352,73.61336995455684],[-103.89707885336144,73.72420036192638],[-104.19836106554816,73.60349799913463],[-104.2557555658392,73.7197974178732]]],[[[-96.19950272321614,71.96841867135768],[-96.03246853679042,72.49687891914103],[-96.29540184414242,72.92845604093927],[-96.32494087225173,73.22795339553555],[-96.73395224195747,73.46761208901447],[-96.65803348063821,73.58010390349612],[-96.35468541451827,73.3348373876205],[-95.99288507038014,73.47663506851258],[-95.91245286493674,73.28968144778791],[-96.13093268770662,72.74110976972935],[-95.45781958095515,72.31718336178788],[-95.63119688560889,71.9687347763025],[-96.19950272321614,71.96841867135768]]],[[[-101.1206068229811,73.0280336595333],[-101.2525298697805,73.02605072061775],[-101.38888607790021,73.10788612373094],[-101.1206068229811,73.0280336595333]]],[[[-95.9234730234866,73.91024169500628],[-96.25901217108314,74.35425981680373],[-96.92394174903961,74.52938389190713],[-96.17537380707427,74.62405714097764],[-96.01078438014639,74.31631619605078],[-95.44496444577231,74.23648829412686],[-95.57946445235976,73.98629134351738],[-95.9234730234866,73.91024169500628]]],[[[-95.02039082802206,74.33269856275078],[-94.98119563902218,74.3984139873522],[-94.71161051827887,74.3617306320808],[-95.02039082802206,74.33269856275078]]],[[[-93.30618030639168,74.45209704422844],[-93.11376688892874,74.83587319729834],[-92.9553848361472,75.95903691008681],[-92.5039716653278,75.72921726557281],[-92.8039338061773,75.21090904059412],[-92.4426625700949,74.84710180350787],[-92.98843053871398,74.38592068042867],[-93.30618030639168,74.45209704422844]]],[[[-90.20341674913321,72.23069391615046],[-90.28910464943299,72.17569679826761],[-90.34220921081963,72.12832832368049],[-90.34639280332063,72.14322439762161],[-90.20341674913321,72.23069391615046]]],[[[-95.20688088312184,75.89207925998797],[-97.16806439765038,75.85318929817122],[-97.53962424065253,76.9478718228549],[-97.20575127922814,76.9187354790002],[-97.25134518457284,76.64813777860812],[-97.07848074066659,76.46146750982666],[-96.38525281947248,76.383387475624],[-95.20688088312184,75.89207925998797]]],[[[-97.610024995694,74.83441583607478],[-97.76214028494462,74.8042220976246],[-97.74837075690095,74.8194291983964],[-97.610024995694,74.83441583607478]]],[[[-105.17841006331304,74.97395042492525],[-105.71109999151203,74.9286374176938],[-105.12855835130951,75.50563678285661],[-105.24042457329257,75.91013188851169],[-104.38782006968233,75.82736849594058],[-105.14504247151594,75.34982182403826],[-105.17841006331304,74.97395042492525]]],[[[-121.992228337375,76.72486775467443],[-121.98321885613281,76.73479418744007],[-121.96559967587184,76.72618302041492],[-121.992228337375,76.72486775467443]]],[[[-116.34463309430863,77.8555734618146],[-115.7617554828772,78.0196944216349],[-115.49095168447194,78.27226335360851],[-115.26350641325824,78.22171899604983],[-115.41606612292904,77.99566941171969],[-115.31523759152516,77.5975986532653],[-116.34463309430863,77.8555734618146]]],[[[-106.21582394582329,76.69530463702877],[-106.63997461186128,76.95008310209829],[-105.98243782466004,76.88196504709781],[-105.74412983819622,77.144490559648],[-105.12619290907469,76.63406877161302],[-105.73051204744603,76.8652031216114],[-106.21582394582329,76.69530463702877]]],[[[-103.666321437883,75.65868937402743],[-103.63966574505756,75.60565077569694],[-103.73765583783957,75.65529476040824],[-103.666321437883,75.65868937402743]]],[[[-100.0550236019227,77.35461695885705],[-100.07884273428527,77.49765781767289],[-99.84716163695528,77.49113642346067],[-99.78215591941728,77.33990464934777],[-100.0550236019227,77.35461695885705]]],[[[-99.17349793510253,77.3070874077884],[-99.16957523634608,77.31063695971837],[-99.16665701753004,77.30671856346162],[-99.17349793510253,77.3070874077884]]],[[[-101.24798114403578,77.418938099528],[-101.38487424580593,77.42631901640476],[-101.25588063157322,77.43143978581503],[-101.24798114403578,77.418938099528]]],[[[-102.2828014690189,77.41488523154571],[-102.4795773954611,77.29465539414134],[-102.99924861779397,77.66060033051616],[-103.56991035784654,77.37914769776462],[-103.6833169881799,77.17351606539322],[-104.14844938071424,77.23987091749991],[-104.31825402302904,77.5492428943803],[-103.54786312134847,77.47879544745528],[-102.82605430270164,77.88654813147973],[-102.71845540587114,77.60220127370219],[-102.2828014690189,77.41488523154571]]],[[[-104.92203267192336,77.80290791973485],[-104.83048690078076,77.86045873193852],[-104.49188860844477,77.62266322244393],[-104.92203267192336,77.80290791973485]]],[[[-109.68483844552398,77.5202322672248],[-109.78482107561334,77.48838861410236],[-109.75622725753183,77.5508454801733],[-109.68483844552398,77.5202322672248]]],[[[-113.54590569832013,78.12225716027481],[-114.03022336472733,78.29383558539324],[-114.0038187114777,78.40786214511715],[-113.62124317163418,78.24404055593979],[-113.54590569832013,78.12225716027481]]],[[[-99.24197922884609,78.4631712539587],[-98.70429379469797,78.53002881232041],[-98.6079944509437,78.26544039582474],[-98.66755246317993,78.1794383664204],[-99.24197922884609,78.4631712539587]]],[[[-97.3485629862152,77.58973593620526],[-97.1806805263433,77.58502045867002],[-97.18013988304155,77.55418629945139],[-97.3485629862152,77.58973593620526]]],[[[-93.47199627002333,77.16092999384652],[-93.33353652559617,77.2246096008362],[-93.0248833286074,77.04332566831769],[-93.01080731087836,76.98808026314803],[-93.47199627002333,77.16092999384652]]],[[[-91.70554715809506,76.93761049292527],[-91.40118769729655,77.19219126373953],[-90.75735959824824,76.98109577670004],[-90.8191812770003,76.92546482742985],[-91.70554715809506,76.93761049292527]]],[[[-89.80608895924725,77.05097608721344],[-89.75301652092115,77.06498157382562],[-89.76457281912656,77.05195718532163],[-89.80608895924725,77.05097608721344]]],[[[-89.0020968166603,76.01845410770754],[-88.43670933832102,76.09579592251565],[-88.365109055217,75.85795150007645],[-89.0020968166603,76.01845410770754]]],[[[-91.56372387778804,77.58565588638456],[-91.50867647650206,77.5560639631748],[-91.49832036477282,77.48410323957478],[-91.56372387778804,77.58565588638456]]],[[[-94.55284967783697,78.1215045758021],[-94.59447367593334,78.05573533485183],[-94.58340266569478,78.19044686181171],[-94.55284967783697,78.1215045758021]]],[[[-95.02917223814273,78.70104018209794],[-95.06857595252937,78.70755031846784],[-95.06429294118867,78.71858223069347],[-95.02917223814273,78.70104018209794]]],[[[-96.8512096471966,79.69878571171286],[-97.35729105536807,79.53704225056345],[-97.63030833794652,79.70026305999623],[-96.8512096471966,79.69878571171286]]],[[[-75.37258721508228,83.31608378869217],[-75.3261983070603,83.32123738358827],[-75.25401273093156,83.31467614220021],[-75.37258721508228,83.31608378869217]]],[[[-73.24519976988711,83.26373592684372],[-73.04547302444932,83.44416404541215],[-72.51271021196878,83.51503616266875],[-72.5221039089126,83.3266473003257],[-73.24519976988711,83.26373592684372]]],[[[-63.3115952065048,83.09398099570595],[-60.903717923873884,83.09410994538102],[-57.85501174815267,82.9143016896505],[-59.96010837633809,82.8402653190097],[-61.025200487432734,82.60105272094412],[-61.825067353205206,82.7921010688691],[-62.69886748875254,82.76391739225278],[-63.3115952065048,83.09398099570595]]],[[[-21.045288270277553,82.7309079373268],[-15.943497683202,82.5823827675399],[-15.702410575692433,82.21521112561221],[-14.785968384868447,82.11280212590933],[-16.507585219659294,82.04862218086487],[-17.16324813479075,81.84786616685662],[-17.75678951858703,82.04387297433962],[-18.389896003568136,81.99799390459813],[-19.43546047038072,82.41890470038321],[-19.873373956069905,82.29297022833448],[-19.931048124888704,81.93292887587496],[-20.890007520430792,81.57826676287799],[-20.78207157887108,82.03309979767094],[-21.222863250006917,82.33565107224325],[-21.045288270277553,82.7309079373268]]],[[[-11.098387927332942,81.58684337387821],[-9.040565255018945,81.14907046168408],[-8.42911629236868,80.77315978417803],[-9.024056732876376,80.33392701777974],[-9.451362128856587,80.28407610918212],[-9.650159232989592,80.84891887498797],[-9.927779059164346,80.96865318695762],[-10.250743169881549,80.84617388994778],[-10.64204581607879,80.31967425981433],[-11.367074357589955,80.30769539148096],[-11.615851481464214,80.70272872205992],[-12.716881893638963,80.85911506842734],[-11.25399345870107,81.20231623270524],[-11.098387927332942,81.58684337387821]]],[[[-14.83162930590442,79.8409486256994],[-14.873773353128566,79.41371446962681],[-15.022689876340337,79.36899221662591],[-16.323847288679552,79.54893077265766],[-16.313750214296185,79.74761187657604],[-14.83162930590442,79.8409486256994]]],[[[-14.517869929113235,78.56758367128137],[-14.691184551136523,78.59714922323376],[-14.517609182219601,78.57079781047631],[-14.517869929113235,78.56758367128137]]],[[[-18.100773669281317,78.35200799896155],[-18.06915966065184,78.10262332801284],[-18.680577052775295,77.59156393171651],[-18.584460676122593,78.26260142699276],[-18.100773669281317,78.35200799896155]]],[[[-18.27319198107357,76.5588699772557],[-17.981109369939826,76.3312264541851],[-18.0744202499546,76.10461809752988],[-18.341835077126145,76.1177570713355],[-18.27319198107357,76.5588699772557]]],[[[-15.641134416987255,75.69518111190156],[-15.271570370706733,75.79127535581628],[-15.151393025613743,75.68951953803891],[-15.12672713926598,75.18707114790107],[-15.329866046314539,75.58230974456008],[-15.641134416987255,75.69518111190156]]],[[[-13.066408676015348,76.51146066408573],[-12.839773978765045,77.10374733442798],[-12.038402350132852,77.20918203074406],[-12.02186770961423,77.04021482259007],[-12.741953438287652,76.95790866441156],[-12.83574856328037,76.58949191586265],[-13.066408676015348,76.51146066408573]]],[[[-18.172337516028648,74.36727771897628],[-18.206314461355426,74.37090595785433],[-18.18576137628228,74.38406101375226],[-18.172337516028648,74.36727771897628]]],[[[-45.669820332179725,59.96994856901891],[-46.20962676162293,60.116807253165334],[-46.36017288304799,60.22591342352895],[-46.306223024746615,60.37244168162704],[-45.71127973204969,60.19994536483985],[-45.669820332179725,59.96994856901891]]],[[[-48.79900469832948,60.98451796419744],[-48.801610557484,60.90735623463965],[-48.91509563173591,60.96257086770297],[-48.79900469832948,60.98451796419744]]],[[[-49.325831497227256,61.25385871047801],[-49.294223075381026,61.147030214653164],[-49.37471879627137,61.27016950196748],[-49.325831497227256,61.25385871047801]]],[[[-49.694497794460254,61.683691332729595],[-50.18558777350378,61.68407641134853],[-50.2398752736062,61.72478916041877],[-49.98011502969972,61.960698230378455],[-49.694497794460254,61.683691332729595]]],[[[-50.6185487808847,62.485666862296746],[-50.77437084857831,62.73927631217196],[-50.68144367916596,62.72379379638176],[-50.6185487808847,62.485666862296746]]],[[[-51.15232435962904,62.90608402543164],[-51.175568849898355,62.90374086677283],[-51.17144959556533,62.918371339389765],[-51.15232435962904,62.90608402543164]]],[[[-51.67380025417666,63.35399228676252],[-51.974676833125606,63.27623006479363],[-51.74563635959653,63.47444174914944],[-51.67380025417666,63.35399228676252]]],[[[-52.644947450063995,63.75116190820433],[-52.829200779303896,63.95280441522329],[-52.45951154582794,64.2206729872362],[-52.28877660961808,63.90983389400936],[-52.644947450063995,63.75116190820433]]],[[[-52.51068502194425,64.84799820245584],[-52.53982464355978,64.89266714622921],[-52.516737741430276,64.89301733817831],[-52.51068502194425,64.84799820245584]]],[[[-53.34887000234061,65.38654664949249],[-53.43084716255077,64.6360113182322],[-53.94672116888244,64.55552197843512],[-54.235518349568444,65.14080024152562],[-55.128397105454646,65.90820726764571],[-53.99470576999593,66.37366471977214],[-53.92075923790659,65.98479301413232],[-53.34887000234061,65.38654664949249]]],[[[-55.97022216405445,66.41429728200393],[-56.00931313701735,67.0755137181157],[-56.699982752254556,67.70192253461867],[-56.04177716118054,67.94256946342549],[-54.50617994686464,68.05306898554039],[-54.2745570614917,67.84622420035785],[-53.956963197412584,67.94352126281846],[-54.248081375733456,66.97969559002019],[-55.97022216405445,66.41429728200393]]],[[[-54.16669647918222,69.0668902188614],[-54.51626944748469,69.08009021310603],[-54.579709797914916,69.19282895082776],[-54.53611513170832,69.25634598247363],[-54.16669647918222,69.0668902188614]]],[[[-55.26494552839668,69.8275068595722],[-55.73481124396882,69.89272342274847],[-55.9915886881106,70.21577626809172],[-55.24225165245557,70.28756256639339],[-55.12466907031987,70.14999649293121],[-55.26494552839668,69.8275068595722]]],[[[-56.476808262709376,72.86703426857838],[-56.57128657710177,73.09988251064999],[-56.3163212065595,73.33596615753132],[-55.970537492079444,73.18824379353123],[-55.99330746735924,73.03431046806953],[-56.476808262709376,72.86703426857838]]],[[[-72.92381317277498,77.83379878509822],[-73.05897051574084,77.71207833279108],[-73.01050037776277,77.84733583024946],[-72.92381317277498,77.83379878509822]]],[[[-69.25925797227289,79.21206436361031],[-68.89170104830477,79.35804822813081],[-68.62247756000922,79.73427518925179],[-68.26856812073734,79.71753204415388],[-68.27036703445972,79.34307160219409],[-69.25925797227289,79.21206436361031]]],[[[-67.61950989118698,79.81724488684264],[-65.41740928437349,79.7699996602268],[-65.36040735654889,79.66043946946884],[-65.99744123711474,79.43833242400005],[-67.36052322904588,79.43833242400005],[-67.39988670180642,79.68548440944447],[-67.61950989118698,79.81724488684264]]],[[[-76.57112360920539,76.69201777017247],[-76.37883752543941,76.70633539238709],[-76.22413785641007,76.45332542013801],[-76.61468718848391,76.4295179977048],[-76.57112360920539,76.69201777017247]]],[[[-20.651598408482688,76.5700882396929],[-20.370420290109116,76.62951391626153],[-20.32299411952575,76.52608931847932],[-20.651598408482688,76.5700882396929]]],[[[-19.94387739820695,78.2128982056654],[-20.06292626544133,78.22334634880214],[-20.411613256695503,78.50821288346354],[-19.875419340916867,78.5367498143417],[-19.94387739820695,78.2128982056654]]],[[[-18.686379856059315,79.45517302218755],[-18.187651379284905,79.1566571916642],[-18.737521592366576,78.84327865539086],[-18.58035841559032,79.19428766441459],[-18.686379856059315,79.45517302218755]]],[[[-23.78788154297502,81.98277670276019],[-24.325497012248103,81.9303181861178],[-24.320413720339648,81.97555583457539],[-23.78788154297502,81.98277670276019]]],[[[-97.86370439960629,79.79461156149016],[-98.3528052272939,79.82039745806674],[-98.3799825110145,79.9296153644469],[-98.13091120260628,79.93810787843788],[-97.86370439960629,79.79461156149016]]],[[[-118.88526047300495,72.36081073439229],[-119.0380433337674,72.23844911990082],[-118.96716496230371,72.36611523482202],[-118.88526047300495,72.36081073439229]]],[[[-119.25312550189064,72.06619287853613],[-119.43637212793186,71.80151084729329],[-119.27692623119066,71.50306750448122],[-119.93939871159434,71.25772371579608],[-120.37181195847208,71.31740218405454],[-119.92595626197155,71.93885964007669],[-119.25312550189064,72.06619287853613]]],[[[-109.11473916381887,68.28335110552328],[-109.31338783022707,68.40772494041691],[-109.07530517803056,68.4231062393666],[-109.11473916381887,68.28335110552328]]],[[[-113.427802687869,68.21775184439575],[-113.59233894507354,68.21417793477008],[-113.68573921166266,68.19454390478937],[-113.53854875847838,68.39815146136822],[-113.427802687869,68.21775184439575]]],[[[-123.42738416334448,69.80107425194015],[-123.73522988749477,69.69826551523278],[-123.85403717051611,69.92082414344176],[-123.42738416334448,69.80107425194015]]],[[[-125.73940049021884,69.70427261167735],[-125.94028912705762,69.7562807213988],[-125.73397195955224,70.02740777862135],[-125.50395378964579,70.03820840102766],[-125.73940049021884,69.70427261167735]]],[[[-128.63859454776076,70.14521006510184],[-129.6944862299109,70.56921978605176],[-130.02774501822034,70.37924803796886],[-130.94351884605092,70.40184647059759],[-131.2274070286002,70.20228213072478],[-132.96051575939697,69.95200120785971],[-133.46763768054615,69.64833985526111],[-133.71473990758165,69.88932442991275],[-134.42798098862562,70.02277186687824],[-134.77890276296966,69.76022267905427],[-135.55902398314367,69.94451015656941],[-136.03070095683427,69.72821930210866],[-136.51063939182032,69.15400906908837],[-138.57184659238652,69.56276823455794],[-138.07415997293973,69.66435914951361],[-137.72228670100748,70.04189538472549],[-136.26835818022255,70.1909299039107],[-134.83598551911453,70.63169142334151],[-131.130308643577,71.03963751197892],[-130.4207874131875,71.25421950233815],[-127.70464169322727,71.00361501264905],[-127.71464799168264,70.80566432581458],[-128.43042349954325,70.88823677872098],[-128.63416322536543,70.62283444864036],[-128.63859454776076,70.14521006510184]]],[[[-139.3910638397612,69.86103087517827],[-141.21138040192304,69.9387780742548],[-142.75016284084697,70.30333968241216],[-139.3910638397612,69.86103087517827]]],[[[-126.2705904162557,72.09918705181838],[-126.33657573179731,72.11818482196293],[-126.25618572652662,72.1274593351414],[-126.2705904162557,72.09918705181838]]],[[[-125.40126715806785,72.9519844119009],[-126.23441564819151,72.96678473234117],[-126.10377156427545,73.49259821316829],[-125.50569150977331,73.8222515065446],[-125.40046009987353,73.31954965413416],[-125.15011242384587,73.16507726803438],[-125.40126715806785,72.9519844119009]]],[[[-124.65954883576374,73.56815275161898],[-124.80558996393508,73.92603143783808],[-125.10436778310273,74.04345548619769],[-124.91736144267564,74.09175650292262],[-124.45744609814248,73.69380259928685],[-124.65954883576374,73.56815275161898]]],[[[-81.03689815415116,68.44566266102656],[-80.98451519270398,69.1799440488333],[-81.23163872504871,69.50625055450455],[-80.1462085968668,69.06287214337445],[-79.7260675538283,69.37491616867764],[-79.17628106619009,69.44972358510981],[-79.63591199560942,69.13874785612741],[-79.72147642593133,68.89716186519783],[-79.56395110276272,68.66256699406559],[-79.25535814126837,68.62761024622307],[-79.4367561846164,68.2385223945098],[-79.24090818762983,67.93964482890956],[-78.99276171629748,67.87065835662905],[-78.20036014230747,68.47536737834197],[-78.18590828810805,68.73342292437286],[-78.37630580086837,68.90653734425521],[-77.6277009341425,69.44357276769486],[-77.56637237616472,69.00048869829274],[-76.93014459607286,68.807294783072],[-76.8661541610301,68.50432466690776],[-77.54491096414658,67.84044441313318],[-77.5142755359711,67.31075235289063],[-77.02296502994737,66.94618437533786],[-75.31435729818938,67.06746308947666],[-74.83030242032073,67.39427575662299],[-74.73048241987884,67.63790850866364],[-74.43257488530338,67.4804042083781],[-73.41035524740964,67.47602897054021],[-73.12208563541793,67.69118812620195],[-72.76730441599372,67.37783472844423],[-73.16894937229567,66.97136918355937],[-74.67729092389746,66.36749320362814],[-74.74414442361646,66.0220042023147],[-74.35669740259593,65.75649456493622],[-74.60197909527591,65.64107059829065],[-76.10006151357693,65.58137644517873],[-77.46354704629792,65.76433262800006],[-77.81051300645356,65.37244009162397],[-78.28268167886137,65.22663232359204],[-78.5767065955467,64.81933902109363],[-78.7939534564864,64.79502676896612],[-78.96498487846517,65.02172009005537],[-80.02132090395064,65.28138957700425],[-80.78412460131615,65.80268533061079],[-81.7270241145776,66.02382991721515],[-82.1131152735577,65.86113140986221],[-82.65697172281284,66.09885954176357],[-82.60526858005312,66.2874906993678],[-81.32134965343735,66.76222913567652],[-80.97806338981628,67.31064509599234],[-81.02636413664463,67.67319833058623],[-81.73754852983186,68.05903338522633],[-81.03689815415116,68.44566266102656]]],[[[-74.45770293560855,64.17434955894326],[-74.36746907079173,64.25270098827319],[-74.30079292277696,64.12913430019165],[-74.31348492249435,64.12780262305996],[-74.45770293560855,64.17434955894326]]],[[[-76.11704658023407,68.52083005301964],[-75.69781684398242,68.64590080677486],[-75.67464507464426,68.48783815976354],[-76.11704658023407,68.52083005301964]]],[[[-78.40012520749983,62.360350939051166],[-78.28671548275861,61.62991951573874],[-78.04876699753389,61.30284732972155],[-78.87555476756356,60.95451706667181],[-78.98725088689038,60.641707505409265],[-78.7420610437035,60.41763656689217],[-78.08938193147866,60.49947701557568],[-77.91952396457047,59.97469317085778],[-78.45299429585222,59.2456727546763],[-79.08142541314017,59.12279146376504],[-79.21907594785354,58.79674106121082],[-78.83707382338412,58.36331765516999],[-77.6148639781876,57.94560132262649],[-77.17755059983607,57.62302333980502],[-76.88643718440642,56.87705649595132],[-76.927529953786,56.42487987512692],[-77.07445804585136,56.10388499024248],[-77.92412057405082,55.5434408832551],[-80.03395890335351,54.94336157233614],[-80.0412053368665,54.541082219803116],[-79.74060215321032,54.19444092688322],[-80.17980312247822,54.10711693138316],[-80.21706451778613,53.85344446713682],[-80.0474012982739,53.65285858328844],[-80.3180725347378,53.26439012547731],[-80.10990169648808,52.863381984371316],[-79.78493634530246,52.80553057779054],[-79.93918740666976,52.54374265521272],[-79.79754679532259,52.278085468420116],[-79.92042272728574,51.91810683803511],[-79.80907812237864,51.68723141688876],[-79.95907994833243,51.54353241174857],[-81.28238187357508,52.529804456543864],[-80.70941259142025,52.40030339166122],[-80.45301572569056,52.52917604931068],[-80.42217596041932,52.81447663382402],[-80.7576395557027,53.3147019864315],[-81.40101659154733,53.52791552382207],[-81.81718852967076,53.417262961243246],[-81.84197472298253,53.908652024078876],[-82.09353553096645,54.27538249695537],[-81.90466339673334,54.9160007206004],[-82.18285138532684,55.423455074598806],[-84.94788916886127,55.58935974398387],[-85.81869043665331,55.94958307237392],[-87.45473058886587,56.27606035784431],[-87.80672370765086,56.68806441221223],[-88.78376497154545,57.14433909316189],[-90.52194523256728,57.52311222340992],[-92.12658536906369,57.314470512793534],[-92.98443297372192,58.99064324017931],[-94.47642864721186,59.056010787904086],[-94.36064685170872,59.376085007979654],[-94.50305913879873,59.9214951805371],[-93.52402746340549,61.31843306864014],[-92.4897658232217,61.77473610659533],[-91.8510011459966,62.32302246752893],[-90.81726923886616,62.41460567166531],[-90.6894203193734,62.72016922782636],[-90.35781935694573,62.92771648290925],[-90.33745263832483,63.32134276366193],[-90.08196498515235,63.34716549542366],[-89.61920201598903,63.71778945212023],[-88.71049156481699,63.673328440098715],[-87.9727370434936,63.875484740266664],[-86.7222443062993,64.93373828563894],[-86.72104782639387,65.34842857551233],[-86.4296092426155,65.50773956102768],[-86.46814126936954,64.96349034459988],[-86.71632107564606,64.63989851656387],[-86.61687533057095,64.30794230290854],[-87.04237037423142,64.19205925573057],[-87.45643210223889,63.849550100220505],[-87.5172203398208,63.59772695434876],[-87.35920324821002,63.39244494007589],[-86.86775356183625,63.261753914517726],[-85.965038125496,63.42306234681712],[-85.8333162090528,63.01786540777097],[-85.2809074472956,62.823439963686106],[-83.48707944087118,63.50929647329332],[-83.33496168021394,63.79355382769021],[-82.39125280554285,63.36647217419623],[-82.505667586434,63.21139381335199],[-83.54303250264847,63.16529782683672],[-84.14037010291385,62.64691760798834],[-84.22523028054337,62.33143165071007],[-83.88544957243825,61.904102473447786],[-84.07918042831758,61.78807047422105],[-84.65588857528996,61.93230734933999],[-85.08054164963862,61.76947593303824],[-85.15851248179966,61.47153285557505],[-85.42523510799856,61.46599919113109],[-86.16833957218473,61.999105987173685],[-86.98102540288718,62.003765356847055],[-87.47559011755071,61.88873973007072],[-87.65288804458696,61.6183320668628],[-88.01937126347363,61.49004497508915],[-88.11306067782543,61.146595357063596],[-87.73202361098265,60.770465347788964],[-88.2758083562659,60.5468620976794],[-88.07210383803418,59.96571498907507],[-88.27714711511416,59.59206293750492],[-87.86489066801894,59.177197169753235],[-87.10980276012158,59.256434754929614],[-86.61448005627635,58.914834856357956],[-86.12809896954484,59.14570333270957],[-85.78229444908474,60.15205928120666],[-85.9322356679539,60.387163702330945],[-86.2854932008724,60.45678861956985],[-86.38806195443007,60.688584924367824],[-86.19401429797823,60.76275819581712],[-85.12048119660743,60.76172328136552],[-84.90036050889947,60.46474599987544],[-84.06112207623511,60.4224902634741],[-83.60949249418263,61.02514585314075],[-83.00201534590556,61.09576365126364],[-82.5585857067511,60.9688051053778],[-82.17142484937641,61.31025013829193],[-81.92017320583808,61.28271164616571],[-81.24967046706641,61.66792693762483],[-80.96559030865512,62.34788677690048],[-80.46225871340037,62.306887121496665],[-80.50790993085421,61.68576831760549],[-79.69531757158842,61.29099266668298],[-79.06718366774619,61.8367235159687],[-79.06872317769539,62.34301656191527],[-78.40012520749983,62.360350939051166]],[[-77.76466164078433,56.03329559171749],[-77.22965425129203,56.267595992106216],[-77.305963170346,56.6825123583289],[-77.57593428912854,56.727065528017],[-78.22449205591774,56.460585830784694],[-78.17802726879852,56.06117069829137],[-77.76466164078433,56.03329559171749]],[[-78.67924323680911,57.136745659027824],[-78.33450511365783,56.87824027091262],[-78.05391231700567,56.97363016174549],[-77.96017780454055,57.23839160321469],[-78.13623639095914,57.54980109812631],[-78.4372144687197,57.623491160936084],[-78.67759052154146,57.425068166181376],[-78.67924323680911,57.136745659027824]],[[-80.39054162661884,56.29242406040593],[-80.27360526676968,55.73138121223909],[-80.01964325200045,55.546392774500156],[-79.09972303987188,55.50040693847463],[-78.36848882152121,56.18449097670414],[-78.55375952411984,56.90224911809047],[-79.30074597400547,56.96859239023492],[-79.61256169267745,57.18928989251558],[-79.43719051402344,57.62534820928853],[-79.64991537275375,57.90904579547975],[-79.90166664820416,57.87289716207731],[-80.13733455786559,57.57597345551619],[-79.97902890499222,57.19347133156224],[-80.18075050500234,57.00705032602148],[-80.13581578761882,56.59711991587477],[-80.39054162661884,56.29242406040593]],[[-80.77516568145246,59.89757026510683],[-80.84952556187035,58.96086570418855],[-80.43401981069994,58.81376327386065],[-80.20505617789809,59.35254009483601],[-79.6367624911016,59.68781267118211],[-79.60270174770723,59.97129340839529],[-79.79255458130753,60.147477464285565],[-80.15253650611987,60.15702451545659],[-80.77516568145246,59.89757026510683]],[[-81.38852596602909,54.25340013234042],[-81.01838531593803,54.04117406961503],[-80.7986046796253,54.434094385510946],[-81.19220763097665,54.653979926852365],[-81.38852596602909,54.25340013234042]]],[[[-79.40990222726833,53.45691767997503],[-79.24012270034527,53.20134758537583],[-79.0663270520849,52.41179595381968],[-79.60374202880034,52.87615657235853],[-79.40990222726833,53.45691767997503]]],[[[-81.65819281813177,62.597989983883714],[-81.62434768953862,62.58576829094139],[-81.67176163573735,62.573122770598886],[-81.65819281813177,62.597989983883714]]],[[[-79.52187563758797,53.754997767212245],[-79.56438900870423,53.95621075355376],[-79.4547126096435,53.683193747482306],[-79.52187563758797,53.754997767212245]]],[[[-68.0688524901156,42.90319549501445],[-68.1264817988471,42.85487701570294],[-68.13869618813702,42.870338323291726],[-68.0688524901156,42.90319549501445]]],[[[-58.612167572559535,-52.40622218476668],[-59.04052185369469,-52.7096768298136],[-59.560907909014986,-52.67405855271835],[-58.8024409195934,-52.38292194995875],[-58.612167572559535,-52.40622218476668]]],[[[-59.98279625611124,-52.49366155735565],[-60.27158865264318,-52.37017561379612],[-60.06669253176753,-52.26862153880928],[-59.98279625611124,-52.49366155735565]]],[[[-114.33593136568437,30.546718208487427],[-114.53410790056806,31.350381171169342],[-113.38648281574343,30.962713560314015],[-113.07331711616267,29.991241898552413],[-113.31158951414406,30.059489321330695],[-113.83784069691607,30.76309808762471],[-114.33593136568437,30.546718208487427]]],[[[-125.39193828904642,48.33733257913641],[-125.87571186869603,48.66995881020333],[-125.94592523809956,48.79279872921071],[-125.45510613490404,48.670906151227136],[-125.23754077490126,48.46698930116948],[-125.39193828904642,48.33733257913641]]],[[[-128.09915252351144,51.182493757139945],[-128.44197350360983,51.07217874058369],[-128.54164100350246,51.11313241906378],[-128.26910319729453,51.32843300972251],[-128.09915252351144,51.182493757139945]]],[[[-128.72732445915153,51.739675365481126],[-129.17651993026718,51.67840491629414],[-129.0297664321537,51.92991521061514],[-128.72732445915153,51.739675365481126]]],[[[-129.30538955847538,52.38120114488363],[-129.14692559147184,52.19213612036365],[-129.30596601436588,52.38090620078522],[-129.30538955847538,52.38120114488363]]],[[[-130.6733081431061,53.18013219493638],[-130.75014419863624,52.51630899984009],[-130.95478736483653,52.507716801934365],[-131.58364613047013,53.46525199521401],[-131.36966336364117,54.094934542708145],[-131.05342672187163,54.17442132120891],[-130.9113847141838,53.379240678391824],[-130.6733081431061,53.18013219493638]]],[[[-133.87970585303927,55.10992683760876],[-133.89518621445492,55.09572443223336],[-133.88358874626533,55.11955665088758],[-133.87970585303927,55.10992683760876]]],[[[-162.24881118896508,73.2827487954485],[-162.38743554229595,73.3098261145474],[-162.2396492031135,73.37023868994875],[-162.24881118896508,73.2827487954485]]],[[[-179.19012287759963,65.83723522765753],[-179.20986717237233,65.84845511014741],[-179.20225743382807,65.8496787846188],[-179.19012287759963,65.83723522765753]]],[[[-179.7,-78.19903222330743],[-177.18596756259714,-78.39726935851907],[-176.92314775304553,-78.56958639310679],[-164.44981422877908,-78.87625841454523],[-164.6215194507103,-79.23278051453727],[-164.55287002171713,-79.48426602557883],[-163.68556466223552,-79.69165012560029],[-163.50032804204614,-80.06566623028841],[-162.64234300714972,-80.11147606577414],[-162.39814926843897,-79.8937306645837],[-160.6984271148647,-80.15423915203242],[-158.87958388604403,-80.06056743918705],[-158.65746761549372,-79.71855088306509],[-159.47001160068723,-79.14845447661024],[-161.54790147868178,-78.64030045752058],[-158.68220229366617,-78.15657603568143],[-157.2389684651836,-78.55010173578641],[-156.7603472654344,-78.47412077783855],[-156.8184547984962,-78.7397760830832],[-156.653391152607,-78.93633131432964],[-155.03928863883917,-79.3266039170129],[-152.64889212343192,-79.45052111998277],[-150.4867069345999,-79.79849759783002],[-151.29206442794293,-80.32300594410559],[-151.2181993979517,-80.64696805174056],[-150.89162148464735,-80.73931403486289],[-157.2219045783571,-80.99415578885437],[-157.39551564327147,-81.25298203264826],[-157.219172065558,-81.53983603207801],[-155.1116485657605,-81.81977753949568],[-154.99516550561185,-82.20086798005832],[-154.22495229058765,-82.41628640852845],[-155.1213547967546,-82.50853167538364],[-155.66178359023846,-82.7479795778435],[-158.5961385206313,-82.83518788063499],[-158.81262946906628,-82.97422297695107],[-158.8473600038435,-83.21047910623892],[-161.35741355670524,-83.23003737569717],[-161.2909455532102,-82.93021498383658],[-161.49444716750534,-82.73558629396187],[-163.78765843936085,-82.54787793582068],[-164.08925907050892,-82.73384841862412],[-163.99736506160514,-83.08199800002171],[-164.4034337457324,-83.21292050704837],[-165.05840371532264,-82.90338016387336],[-168.67805635897903,-82.93476782554073],[-171.8982182288593,-82.54207136180986],[-174.38153146266293,-82.47914053667735],[-174.66045089862592,-82.70530773898587],[-174.44072299366695,-83.07035565222434],[-171.79485695108326,-83.52234559632953],[-169.24300686627083,-83.73787723922447],[-168.1134406229024,-84.07796449262185],[-166.52412132088492,-84.0880610040044],[-166.7166003210412,-84.30654709730604],[-166.64684138811114,-84.57014819694986],[-167.40151806252476,-84.56758074642626],[-168.24716638435012,-84.3483021344481],[-179.7,-84.06024656668417],[-179.7,-78.19903222330743]],[[-155.76195613354568,-80.10059658210646],[-153.8704439837977,-80.31995437772831],[-153.59539712181473,-79.99910135151511],[-153.82678334004146,-79.72869478720779],[-155.92974158070484,-79.50681117131809],[-156.14555622290675,-79.87374417855007],[-155.76195613354568,-80.10059658210646]],[[-157.6009367241626,-81.82263306029267],[-159.04526452338797,-81.48551252237573],[-159.27030899404951,-81.8479938879526],[-159.10783257034032,-82.0487400009176],[-158.169411048398,-82.38729739127616],[-157.59576773512043,-82.25060426828875],[-157.6009367241626,-81.82263306029267]],[[-164.02943752350978,-81.10609241400745],[-164.28957884201776,-81.38649513513064],[-164.03379294994645,-81.70029241524345],[-160.39843470270657,-81.87326468917178],[-160.11650165906977,-81.61316863781671],[-160.3787185223749,-81.2757317709404],[-162.97354052695462,-80.97045569518555],[-164.02943752350978,-81.10609241400745]]],[[[-150.0544833214808,-77.49206035149406],[-150.05385186655099,-77.39218187278928],[-149.9753967203738,-77.39269374239372],[-150.0544833214808,-77.49206035149406]]],[[[-147.8071570584872,-76.96618259226044],[-148.05418314349322,-76.92361930407722],[-147.7587345667536,-76.92903629892716],[-147.8071570584872,-76.96618259226044]]],[[[-151.15870013051037,-76.64242842187087],[-151.77596919949602,-76.52462428345932],[-151.78651196247964,-76.50083570779059],[-151.61669716815567,-76.44346182861818],[-151.15870013051037,-76.64242842187087]]],[[[-149.28869693013687,-75.99075490037458],[-149.38730947933516,-75.92615255188306],[-148.70400522721906,-75.8787451159441],[-149.28869693013687,-75.99075490037458]]],[[[-147.0795510538663,-75.776052404109],[-147.94564164208307,-75.82613008688575],[-146.43691722103222,-75.56222086812339],[-146.40759430310234,-75.68421206663437],[-146.73781532636204,-75.90466373044744],[-147.0795510538663,-75.776052404109]]],[[[-126.85913138431917,-74.3875185507792],[-127.33109080532388,-74.11519712688776],[-126.73872003045871,-73.98575820327632],[-125.29463573326743,-74.41781149574754],[-126.85913138431917,-74.3875185507792]]],[[[-123.69272037265407,-74.44882898935987],[-123.46236522011692,-74.14040986063952],[-123.30866847766784,-74.14273832334186],[-123.24305654590532,-74.45753571957596],[-123.69272037265407,-74.44882898935987]]],[[[-120.66387732216484,-74.41541243692912],[-120.16851397656862,-74.27336256828252],[-120.04236270517741,-74.37613964158051],[-120.66387732216484,-74.41541243692912]]],[[[-112.93770925325941,-74.48699141322027],[-112.22378293842112,-74.51645220478102],[-112.22511869678767,-74.57110354306056],[-113.07103236342074,-74.65935831549281],[-112.93770925325941,-74.48699141322027]]],[[[-107.96299990130844,-74.97492566013919],[-108.19115923857652,-74.66550472025996],[-107.03886610791733,-74.58973396511256],[-106.58168801765707,-75.07247439891299],[-107.96299990130844,-74.97492566013919]]],[[[-101.27048678148817,-75.08729387412241],[-101.26290516088538,-74.80560409833977],[-100.81222184414843,-74.81521560986303],[-100.72182163396104,-75.11453395429211],[-101.27048678148817,-75.08729387412241]]],[[[-101.68732068058847,-74.43232238363574],[-101.90139062773937,-74.37459165224064],[-101.88535468566084,-74.28227566211504],[-101.71530158350211,-74.29289058882246],[-101.68732068058847,-74.43232238363574]]],[[[-101.79454450671662,-72.7544061738574],[-101.96696913459239,-72.49995697201847],[-102.48326578492126,-72.4311737337454],[-99.57592538424935,-72.73857606774854],[-101.79454450671662,-72.7544061738574]]],[[[-97.45651890007271,-72.87766773602598],[-96.02847773832401,-72.88251945674787],[-95.57357023297708,-72.66709340397064],[-95.34834840798523,-72.94250106517654],[-94.41985660249117,-72.94260846586701],[-95.84062354192072,-73.0307707962831],[-97.45651890007271,-72.87766773602598]]],[[[-93.05452732812523,-72.85788618857237],[-92.91340356970397,-72.79727357890586],[-92.28596660081051,-72.8744562018576],[-92.78262345601001,-72.8433417986541],[-93.05452732812523,-72.85788618857237]]],[[[-91.94991202805163,-72.89550924354168],[-91.85902923723471,-72.85636331150432],[-91.79938838021707,-72.90493920191507],[-91.94991202805163,-72.89550924354168]]],[[[-87.84689131016506,-72.69735053262674],[-86.66791320590886,-72.90203127110588],[-86.49013556286592,-73.00545273608559],[-87.81722047336024,-72.9129166925052],[-87.84689131016506,-72.69735053262674]]],[[[-78.76065603839965,-72.8536276935283],[-78.75987035872826,-72.57384519735272],[-77.55221854273692,-72.67098400726842],[-77.07692870508399,-72.89858543472866],[-76.55804128678314,-72.83853418943552],[-76.3444488343068,-72.95320085244026],[-76.41808253961277,-73.22780092839439],[-76.23055358565469,-73.45521829308855],[-76.42127405236297,-73.4823784493662],[-76.67096362259626,-73.22728309453451],[-77.25921371067,-73.24498565603592],[-77.3265706563677,-72.88515995261312],[-77.53635418627739,-72.72928661977666],[-78.76065603839965,-72.8536276935283]]],[[[-71.54217558989191,-73.06081537438047],[-71.67776247088234,-72.94461462673746],[-69.45246144253242,-72.85282095921164],[-70.32525554023644,-72.99470184002854],[-71.54217558989191,-73.06081537438047]]],[[[-69.04322245848117,-72.78629531739699],[-68.70769993845795,-72.526764410812],[-68.21894816158559,-72.44780228095438],[-67.86145994078974,-71.6143773403568],[-67.15878888150681,-72.0884748375327],[-67.67283413382373,-72.56352581990032],[-69.04322245848117,-72.78629531739699]]],[[[-67.91736060133236,-71.37882804712551],[-68.17693247694616,-70.53484724894193],[-67.76265135814539,-71.03188425966347],[-67.91736060133236,-71.37882804712551]]],[[[-72.10043757503317,-70.19902441027415],[-71.88428349041574,-70.66748560886404],[-71.55954462222937,-70.74293429445501],[-73.30045594256961,-70.90100393750811],[-73.33185307859455,-70.55399008203099],[-73.82016978218913,-70.32427740553992],[-72.85225670828945,-70.32906167279468],[-72.38405874563153,-70.00106557922015],[-72.10043757503317,-70.19902441027415]]],[[[-73.43168564347538,-71.0212023168174],[-73.4014283489335,-71.02934911221965],[-73.43091520692327,-71.0282887986037],[-73.43168564347538,-71.0212023168174]]],[[[-72.30628668903427,-71.99421985356685],[-72.33491864232025,-71.95954785233394],[-72.29683785296356,-71.98087358124327],[-72.30628668903427,-71.99421985356685]]],[[[-60.62479268715528,-66.41855077081541],[-60.299034215735944,-66.81389610242721],[-59.91192002190421,-66.89504216043849],[-60.21493681040968,-67.05301637474635],[-60.2938486053975,-67.3057613398006],[-61.069639966616165,-67.44035219787986],[-61.11932397877148,-67.71537111078851],[-60.87638525318132,-67.976849933865],[-61.01796749396968,-68.40026602123135],[-61.307137409314315,-68.6161095292856],[-61.20966352642312,-69.00605586743931],[-61.60931372866698,-69.21654154801321],[-62.1347168668777,-68.89174063848876],[-62.96182514728618,-69.00371210998902],[-62.930738792227025,-68.73615089324643],[-62.57926122728778,-68.48744825782339],[-62.800973172136864,-68.12913284337088],[-64.6762459941519,-68.41995640882976],[-64.47112990079943,-68.20261287556718],[-64.51903995966778,-67.92406071662536],[-64.2721836358706,-67.69117304428445],[-64.39541859253538,-67.20381458809285],[-63.612140100357635,-67.16115475264185],[-63.46108507915767,-66.95513692235166],[-63.5130483604245,-66.68475221507677],[-63.3190041267574,-66.54959024457841],[-62.641424033930996,-67.02453195688608],[-62.24090472236438,-66.85046255639872],[-62.19064553588264,-66.50785292233478],[-61.72396724035321,-66.77650574181904],[-61.33224955465627,-66.51240376533016],[-60.95407638889747,-66.63871657631093],[-60.62479268715528,-66.41855077081541]]],[[[-61.00175844072933,-70.20209916277315],[-61.14524923951055,-70.34621614178414],[-61.23349505285499,-70.28668874256988],[-61.144970541028364,-70.26930211890617],[-61.00175844072933,-70.20209916277315]]],[[[-60.18377414532143,-70.47820493253477],[-59.8491566222926,-70.58933825867811],[-59.907371432962165,-70.73639400996697],[-60.1968839907275,-70.78728616512137],[-60.18377414532143,-70.47820493253477]]],[[[-60.49209283879498,-71.34845994703466],[-60.5431180394682,-71.62306135045334],[-60.68471498763015,-71.34783547574591],[-60.49209283879498,-71.34845994703466]]],[[[-60.28917487475507,-72.51242322802965],[-59.79521116592783,-72.5287283347303],[-60.226643259443364,-72.6490646745746],[-60.28917487475507,-72.51242322802965]]],[[[-61.80006239857557,-75.09430697307641],[-54.395599267266014,-76.60078693933478],[-52.8374060672978,-77.12853164707019],[-52.05338838584623,-77.15123102676607],[-51.33153623505831,-77.36948240404985],[-50.22242171978983,-77.23247378860522],[-49.20976546014683,-77.51760062869509],[-49.634480661199845,-77.62585998492933],[-49.706946532765954,-78.01892683071445],[-50.59522271856669,-78.49531641782244],[-51.01197876976803,-79.15840763572464],[-50.98774430875962,-79.45259242880718],[-52.15647796721989,-79.80520932553182],[-53.46969639640612,-79.81429312188222],[-54.56542767071774,-80.34348698210086],[-54.685131845521106,-80.85446653863343],[-54.218683949242035,-81.17165081562952],[-49.76983592648411,-81.08962287424947],[-43.47478994377371,-80.49454379002249],[-42.913859935372315,-80.15178472670536],[-42.63662197064451,-79.53275813474161],[-42.916069729281574,-78.97523675812086],[-43.5110648090391,-78.60518614723334],[-43.43214100296331,-78.4586486707455],[-41.00276191221633,-78.30249311744231],[-36.71997211544596,-78.51742927760868],[-36.553099327691434,-78.96327398393343],[-37.031717849556316,-78.8961089452473],[-37.23714768552245,-79.15315457895923],[-37.15238814210857,-79.39157429454609],[-36.81626102535943,-79.58433164802543],[-32.87562117756618,-79.54057256482821],[-32.719704106236804,-79.93667926879635],[-31.551223869811423,-80.11881452091954],[-35.38771197326848,-80.3167663008948],[-37.2374273863829,-80.7850060183833],[-38.8419298880105,-80.56388452186974],[-41.66704645961124,-81.05073583548571],[-42.07158342853235,-81.3331694832863],[-43.28714971982192,-81.61171008936998],[-43.465239206649905,-81.90595985988114],[-43.83514972691079,-82.02176685311169],[-44.17124390748913,-81.94667650067869],[-45.53523433068061,-82.22347926735473],[-45.76041928843025,-81.89230062029492],[-46.27287309758032,-81.6098301055995],[-54.34808065764076,-81.89500179159607],[-55.32122271528968,-82.21154906681605],[-55.99611644255222,-82.1878437415307],[-59.50495854206245,-83.15855147592968],[-60.711569694352406,-83.11167077329794],[-60.77385023429374,-82.75568666938084],[-61.23085475237634,-82.59449721038091],[-60.247468275397175,-82.42777642684015],[-60.16030541675817,-81.99142543578871],[-60.38688552622511,-81.87052329775592],[-62.047808401722044,-81.95292758590396],[-61.78849708498312,-81.59174182187141],[-62.14814533666206,-81.29878507094023],[-65.15150199298999,-81.21280748431023],[-68.42540858339746,-80.67805315565798],[-69.92303127215688,-80.67604606918682],[-70.2741505384009,-80.39644449212437],[-70.81280910282563,-80.31022324579682],[-72.51595181180006,-80.4552554643269],[-72.74729638772598,-80.64230831445312],[-74.75920137247348,-80.5385238046033],[-75.92465143478125,-80.03079074437827],[-75.62478153546333,-79.52855022439974],[-75.93540573551306,-79.16536553853084],[-77.5905778143185,-78.9981098616709],[-77.09226748009128,-78.78157285660161],[-77.12364514979451,-78.32922079522554],[-75.67634211229534,-78.47131222861485],[-75.86936770284822,-78.86297603385903],[-75.42382461489012,-79.15536857453027],[-75.11540529698638,-78.8531007540369],[-75.19260270842379,-78.51880416603369],[-73.36631180191539,-78.29782064663421],[-72.42586466200531,-77.62185776687375],[-72.67545513617172,-77.27929286465441],[-75.51085521853423,-77.22946554171257],[-76.44882167962528,-76.82433614917447],[-73.78839561766328,-77.0182146158282],[-69.98613862138767,-76.99231831971096],[-69.53343768590364,-76.68059593048608],[-66.18552314715515,-76.30900653717451],[-63.103701944091355,-75.70379570566416],[-62.745975323526515,-75.20070569092539],[-62.49748832125358,-75.29588998979065],[-61.80006239857557,-75.09430697307641]],[[-69.60824112086165,-79.9013170302963],[-68.87147780228331,-79.45181428894443],[-68.67754988288225,-79.71748752265283],[-67.31228151507091,-79.98604107039579],[-66.88306948561168,-80.61814443776375],[-64.30420962412735,-81.0505233707484],[-63.18411474886158,-80.90130420224138],[-62.53738316348574,-81.1645324285123],[-60.637573239551976,-81.26000224585397],[-59.743919781496466,-81.03534005448554],[-59.240136470460605,-80.68772536510696],[-58.98671057548835,-80.19382471130608],[-59.46557499410819,-79.61887139202759],[-60.067120685197786,-79.35617116007309],[-61.62876935342443,-79.61237800516815],[-62.02534710078362,-79.85092127391275],[-62.107260670583734,-80.07061331218131],[-65.18403185434043,-80.09025707012415],[-65.3026882821899,-79.61370459963372],[-65.67134123215213,-79.34709050815252],[-66.74922896536361,-79.28525791022025],[-66.89425720418797,-79.00733840834705],[-67.37444725356588,-78.94229969144448],[-66.3873064493783,-78.56955233773147],[-66.33058057689027,-78.24371215953249],[-66.57889393668628,-78.06488773554484],[-67.62804826716668,-78.07610778103503],[-70.68209241561131,-78.5995271458546],[-71.74490912227886,-78.93750577334954],[-72.11510020698437,-79.46080975512201],[-71.99399472450307,-79.7204229496628],[-71.4638355064361,-79.95228160593467],[-69.60824112086165,-79.9013170302963]]],[[[-48.46816653116168,-77.64614702069878],[-48.44299374855235,-77.65048541049502],[-48.46574189619854,-77.65386153342506],[-48.46816653116168,-77.64614702069878]]],[[[-26.121704812887106,-75.69911438377312],[-24.975757866934682,-75.29484238279537],[-24.841292769783102,-74.92421239723821],[-25.100101146074724,-74.30849038489485],[-24.117977626604585,-74.16242462491039],[-21.26352710586263,-74.43735288121236],[-20.946013124943626,-74.74458500884839],[-20.3709635492713,-74.78060158150659],[-20.11828418202915,-74.52951034806709],[-20.329771334005795,-74.09095090351917],[-20.233333009262633,-73.55908939736975],[-19.231645627662022,-72.97105836651204],[-16.744277108553746,-72.73147732517974],[-16.551971812532262,-72.94269333655679],[-16.141450492357226,-72.98546094617265],[-16.809154086070645,-73.32916806821184],[-16.880981573543497,-73.72304582322676],[-16.75561049169867,-74.06645910688526],[-17.683027578345378,-74.0913479341881],[-18.169917386243764,-74.41812167591],[-18.265052049410485,-74.65294084554176],[-19.16114259316738,-75.1652464840498],[-26.121704812887106,-75.69911438377312]]],[[[-15.87115368793584,-72.87772947228447],[-15.832796233322407,-72.5574306331766],[-15.305599221666517,-72.45676269991978],[-13.147619683043615,-72.2957716098099],[-12.914815995402757,-72.43207492892014],[-13.392437728752697,-72.53231773203626],[-14.44282571037374,-72.41770545325612],[-14.679665066856918,-72.79354536834077],[-15.87115368793584,-72.87772947228447]]],[[[-12.213784460165462,-72.28494308533317],[-12.221055434429191,-72.03422535834812],[-12.08271493839927,-71.9638243363582],[-11.636264258523463,-72.01189704687346],[-11.682594053403037,-72.17345733909464],[-12.213784460165462,-72.28494308533317]]],[[[-9.053136933811743,-70.89939398766262],[-8.233354038228466,-70.79416349461609],[-7.953549808461853,-71.20721477235693],[-8.514123740319853,-71.42113327160246],[-9.053136933811743,-70.89939398766262]]],[[[-5.320154220705781,-70.67131413901548],[-4.350980436178285,-70.52268848113614],[-3.8693260161492304,-70.64108989749339],[-3.673560117561782,-71.09226901486097],[-5.341614742461235,-71.03978132404046],[-5.320154220705781,-70.67131413901548]]],[[[-2.0978334273680783,-71.16596778469267],[-1.8381077369566754,-71.00208141382264],[-1.8007003180021623,-70.71796026859734],[-2.360940223660798,-70.4686159625526],[-0.8903299554579207,-69.93734934936055],[-0.0067724595825328195,-69.8865252456155],[0.6405143312635939,-70.08588679216868],[1.1157419295536872,-70.7132084806215],[1.7224369622909503,-70.30410933447855],[1.949133126840301,-70.30462765637907],[1.6907659989769563,-70.45560648608699],[1.6935759283682958,-70.7570985175527],[0.14417321455635346,-71.06306902121185],[-0.516170382938989,-71.4210983591097],[-0.6318204987681126,-71.1382857528915],[-1.0892031833364932,-70.9592270255122],[-1.5010340988545985,-71.14916910226061],[-2.0978334273680783,-71.16596778469267]]],[[[3.549559058723128,-70.52324986571642],[3.532933337397342,-70.30824888365827],[3.7492517708540887,-70.30874347774092],[3.8253819470788404,-70.50276347883599],[3.549559058723128,-70.52324986571642]]],[[[2.45341108476803,-70.30578064593253],[2.242991466951959,-70.36646760743157],[1.9643299297814298,-70.30466240260337],[2.45341108476803,-70.30578064593253]]],[[[4.872026321599534,-70.31131060824416],[5.171317417192788,-70.31199491240864],[5.20342767017722,-70.40041092212606],[4.855587947583021,-70.42624626585669],[4.872026321599534,-70.31131060824416]]],[[[7.15053593665665,-70.25579198392629],[6.828724499498361,-70.23152568783746],[7.174545132609163,-70.16672719589837],[7.15053593665665,-70.25579198392629]]],[[[8.172239193358793,-70.06730396575271],[8.62046589428305,-70.0733579607853],[8.423049269565649,-70.18190528228361],[8.172239193358793,-70.06730396575271]]],[[[9.942018607042012,-70.09120757470131],[10.251913903406118,-70.09539319010742],[10.313084745775232,-70.20740108254185],[10.0797779953307,-70.16657670645968],[9.942018607042012,-70.09120757470131]]],[[[11.124469581757632,-70.34937845622868],[11.656130464556085,-69.80404892305557],[12.240593205435419,-69.85059872772581],[11.763653198016291,-70.46122379411963],[11.124469581757632,-70.34937845622868]]],[[[13.55590654518569,-69.93021680382489],[15.393198324244182,-69.54819941062263],[15.419759461450523,-69.5872090538141],[15.28570437698838,-69.8375836960083],[15.3980978121628,-70.07112722357323],[13.55590654518569,-69.93021680382489]]],[[[16.844229597454458,-69.95961275888729],[17.59475519442465,-69.75671139878182],[18.27455440970302,-70.01354833859075],[17.96729978205147,-70.23492847621014],[16.87399605733556,-70.17421738355415],[16.844229597454458,-69.95961275888729]]],[[[19.485892513865274,-70.60324901760595],[19.53634421640326,-70.07667551524177],[19.9199344135739,-70.02514664701941],[21.299596110155,-70.15887559239059],[20.911542204149942,-70.5349157318118],[19.603583461238156,-70.64208808368063],[19.485892513865274,-70.60324901760595]]],[[[23.184794679561833,-70.51371007746542],[22.840546387308613,-70.39318011817775],[23.29565589978044,-70.41277731333057],[23.184794679561833,-70.51371007746542]]],[[[24.719053322094737,-70.55209893019631],[25.1965485831192,-70.31197230370627],[25.505868856031327,-70.329457062357],[25.81372543432478,-70.56827468728997],[26.555188458716565,-70.67583481389222],[24.719053322094737,-70.55209893019631]]],[[[27.08830455247363,-70.5795653611304],[27.07591009320652,-70.2220127099209],[27.896098775272797,-70.22517476591442],[28.071810256069465,-69.83724417285272],[28.398275719273837,-69.71737897756964],[28.60147961796262,-69.93944901040969],[29.107690052535286,-69.97673539242625],[29.421220500645195,-69.67796282352953],[30.399384680445785,-69.54923882749463],[31.027421860123273,-69.25912251851373],[31.199369732497946,-68.97007627181638],[31.410538339990936,-69.28068073492926],[32.417033089779444,-69.41231989377593],[32.62511341437005,-69.5840142272256],[32.55096110796031,-69.7317986390847],[29.779896860778532,-70.01761438333138],[27.08830455247363,-70.5795653611304]]],[[[35.496507699935854,-69.39605210539696],[35.59278181226509,-69.4095810155817],[35.503943816926416,-69.41601066667613],[35.496507699935854,-69.39605210539696]]],[[[35.7835356975374,-69.39577520059755],[36.000813436222515,-69.24755401577956],[36.31331950936526,-69.35743209016891],[35.7835356975374,-69.39577520059755]]],[[[-61.688672415143984,-82.75942245037278],[-61.83797007783822,-82.6831445102126],[-61.43974072691513,-82.62499747423355],[-61.688672415143984,-82.75942245037278]]],[[[-62.80954861599488,-81.99138517225859],[-63.23301169636227,-82.01276433496535],[-63.2183467870546,-81.99058760382954],[-62.80954861599488,-81.99138517225859]]],[[[-80.67407427306519,-79.08541759876069],[-80.72892877413635,-79.22703697090954],[-80.80618129556208,-79.21221683381951],[-80.84476863348603,-79.05574429854786],[-80.67407427306519,-79.08541759876069]]],[[[-29.313344850853273,-79.91911112232478],[-29.31317693598805,-79.9150506783623],[-29.250224092323396,-79.91629692152256],[-29.313344850853273,-79.91911112232478]]],[[[-31.062812014955988,-79.41617223047392],[-31.1257625218251,-79.40727418591706],[-31.021022883193123,-79.39876701089281],[-31.062812014955988,-79.41617223047392]]],[[[-61.38211845997802,-70.26080841883626],[-61.57315442285778,-70.25872413991378],[-61.56937341247204,-70.19417160024109],[-61.51367120655314,-70.22281415722924],[-61.38211845997802,-70.26080841883626]]],[[[-61.697610045927625,-69.87237063708469],[-61.80942294097954,-69.90088963813791],[-61.676486829042226,-69.81351873210654],[-61.697610045927625,-69.87237063708469]]],[[[-90.46493813825465,-72.6343655545589],[-90.18692260920446,-72.64105405295086],[-90.45851110546002,-72.71367742942364],[-90.46493813825465,-72.6343655545589]]],[[[62.42070216794115,79.32568616311063],[61.91232122287184,79.49213407061588],[62.66200708041228,79.50852955741568],[62.42070216794115,79.32568616311063]]],[[[63.398944678833914,79.69115356585756],[63.44061467180964,79.74176968945604],[63.97809492246455,79.83467554004974],[63.398944678833914,79.69115356585756]]],[[[46.07006752947342,81.02691572802598],[45.10111339739838,81.24108094820602],[45.18258763039824,81.52667912945898],[46.57351122353089,81.42448767650217],[47.08881209744126,81.8676893270137],[48.60513238839349,81.82101267086158],[48.572699554346805,81.50979060878646],[48.09152682132651,81.40291151509925],[47.958063746235744,81.09281801607081],[46.07006752947342,81.02691572802598]]],[[[60.37980059904983,-15.234180162246265],[60.244703396956275,-14.99727564619569],[60.34240653728313,-14.396869221550324],[60.546645447020765,-14.006215888743064],[60.908828161493076,-14.071313439770414],[60.91382878765615,-14.574112247752359],[60.57260543994154,-14.668992336197633],[60.37980059904983,-15.234180162246265]]],[[[59.52771269517676,-16.39588196071716],[59.61523170344244,-16.558080717299607],[59.50688294774701,-16.60020784016959],[59.52771269517676,-16.39588196071716]]],[[[55.01630734388219,-4.681950839659807],[54.471325694557905,-4.5225773480750435],[54.77283863642352,-4.132549476738679],[55.44213335582972,-4.015280860367293],[55.397740369526794,-4.199717939970295],[54.977774054909965,-4.275613133328966],[55.01630734388219,-4.681950839659807]]],[[[55.70265290197349,-5.044156885671169],[55.812392639640294,-4.633263278847344],[56.06061339705587,-4.459040257122493],[56.81383347282155,-5.29593515136555],[56.537534359976824,-5.503220911749062],[56.32434802980359,-5.16718074345739],[55.70265290197349,-5.044156885671169]]],[[[47.24555902881954,44.53651012597381],[47.75487363490356,45.27106988592514],[48.11262298638878,45.17114732852267],[48.2970402082029,45.507882908377034],[48.905952521346194,45.56363938009373],[49.091111443334164,45.845630850464886],[49.55136145127458,46.09091945409895],[49.971142279651865,46.01684555299015],[50.13186875895099,46.3463433797895],[51.22289686486234,46.80028082012127],[52.07606360540122,46.514958394705275],[52.74603821899502,46.64672841140322],[52.796813364898924,46.253049227782924],[52.3468669775286,45.666283855837754],[51.33266956053947,45.67824084084897],[51.05700990028559,45.29628197166822],[50.79215825730124,45.22753724774049],[50.04597353466553,45.372213429506914],[49.68851459730499,44.930617781178256],[49.974443277513785,44.583075962180665],[50.01521120903571,44.18165289709546],[50.65258369013287,43.93725931468007],[51.00338446157421,43.39191524397323],[51.08254543610179,42.924963026945136],[51.51222584738078,42.87629461278692],[51.815843919617414,42.55833124601329],[52.31496803953327,42.52364167603682],[52.10204330664349,42.089569424564274],[52.15877622674806,41.63831900472469],[52.57278823574843,40.9685059875295],[52.44739976080254,39.98090340525442],[52.81934233592511,39.53868122834976],[52.88667174619744,38.538950197768145],[53.28864357763425,38.520153009081625],[53.391178155530774,38.947266305739326],[53.6466470815656,38.76373557927024],[53.507143273982486,38.03046750053744],[53.67485853823106,37.19876052443743],[53.378100062926826,37.14642423013684],[52.86300976070463,38.03385270381865],[51.973476923816406,38.52400303935414],[52.09501161568121,39.652792623070084],[51.67708702144457,40.23030145482672],[51.85943704148026,41.194154371943064],[51.60013829320555,42.40494708102204],[50.82634557946439,42.98950284395653],[50.709833799339876,43.65131391635476],[49.9363763348266,43.88043126422384],[49.752790422681194,43.52280200897253],[49.42699748831605,43.478194395672745],[48.765526092682165,42.9363636431444],[48.46756598507457,42.374856597968794],[47.78157313855711,43.12669112447496],[48.150443488795474,43.89328976559975],[48.121569153060065,44.150095204279],[47.55841543095336,44.276391127587544],[47.24555902881954,44.53651012597381]]],[[[49.649690830736574,41.03145449441537],[49.9097450853778,40.90637763843943],[49.71452920607017,40.932896655002175],[49.649690830736574,41.03145449441537]]],[[[50.32137462476595,40.76095170918329],[50.71024015993977,40.71806938947133],[50.808367870089775,40.55970247776312],[50.443242653797356,40.73422519488633],[50.32137462476595,40.76095170918329]]],[[[50.91548468286007,40.38682818155742],[50.920855277486645,40.37816065549625],[50.91804851873913,40.37734784011729],[50.91548468286007,40.38682818155742]]],[[[49.70564764108469,39.8274191784529],[49.748982063858676,39.954793674366925],[49.920415684444855,40.044554743550954],[49.70564764108469,39.8274191784529]]],[[[53.292055607495875,41.05546385427288],[53.21160447975101,41.72633724354761],[53.595586371607816,41.798498290032285],[54.0889828210719,41.123745393343086],[53.92462708465209,40.94072758411649],[53.72666492199607,41.16916526311002],[53.292055607495875,41.05546385427288]]],[[[43.71095056790225,-18.008424477415474],[43.6381011816809,-17.919000803091965],[43.517327921588766,-16.912490427247846],[44.143354291041895,-16.23908254319198],[44.13296642838426,-16.613589145452437],[43.63429772463927,-17.468560762964767],[43.71095056790225,-18.008424477415474]]],[[[45.39005153536113,-25.877956237173038],[45.590105788601754,-25.858596148052612],[45.60509660010027,-25.856394706053628],[45.45431977872292,-25.957688408629913],[45.39005153536113,-25.877956237173038]]],[[[48.55946784173101,-12.734319931622652],[48.56373378499405,-13.06592981023215],[48.436950014635514,-13.064220964624706],[48.39791374639402,-13.027069117915728],[48.55946784173101,-12.734319931622652]]],[[[44.65518749383044,-15.899551251370916],[44.77675183082173,-15.91491580920859],[44.63335256830334,-15.906404404449486],[44.65518749383044,-15.899551251370916]]],[[[45.64724033857342,79.18031557249525],[45.64323995098674,79.18677327535816],[45.665313708378164,79.1839708767326],[45.64724033857342,79.18031557249525]]],[[[46.10329758219375,79.12836614282918],[46.18788377982377,79.11762740724481],[46.11962369140534,79.10951214535936],[46.10329758219375,79.12836614282918]]],[[[9.488564299954719,79.30597366061511],[10.378411820550385,79.51252312016432],[10.450693730394631,79.34553568819918],[9.488564299954719,79.30597366061511]]],[[[18.436745708006885,76.45834801265332],[18.515935193459303,76.71947601594094],[18.317351137099017,77.2203237444798],[18.449522979758584,77.26034502365434],[18.981978213666988,76.80001738782514],[19.665045394471267,76.58444705869456],[20.313296721002775,76.93739395940935],[20.510400036454303,77.48087633570142],[20.364286565997833,77.690786763218],[19.937540556291857,77.80333718007645],[20.101787590376485,78.18003235196316],[20.731761702982297,77.82478496069159],[20.53253292764651,77.56170692975766],[20.696178355287095,77.27312129719752],[21.080112504987916,77.13941187517895],[22.11135278946137,77.20840978660586],[22.36467069390165,76.98628735189914],[23.310224304209708,76.97338708841858],[24.696782997592084,77.69942088107715],[24.546963359013137,78.0999203105401],[23.76598411616314,78.20898206791168],[23.527699972607856,78.45276112511637],[22.462820506035147,78.52682337092081],[22.239185579934507,78.84121562829364],[21.841201144935447,78.88348312888378],[21.692537435662928,79.09547259419703],[23.75850852907935,78.91302744664138],[24.444175254260493,78.32789804867652],[25.33473064712547,78.37405961925869],[25.16450106922727,78.03510478015578],[25.430094322650486,77.79183047756406],[25.98381332155446,77.92759882809051],[26.054976263898713,78.25749636042059],[25.860461787007537,78.47763737359178],[26.0970834546068,78.75737419580886],[26.0900832829279,78.25980139108118],[26.361507046116586,77.86413566168301],[27.610183627707197,77.78324111265952],[27.722075501519033,77.54862915018077],[28.174897226672655,77.30642362915151],[28.63594490866295,77.30578447930164],[28.655278544047885,76.90489194489987],[28.376222733160496,76.50589887190107],[28.413223102839904,76.23347073663071],[27.667769828671712,76.43246370019428],[27.044766081455833,76.38262097312044],[26.789683847681452,75.86906569486928],[24.756139761681347,74.96191173181154],[20.93644358608249,74.4942260350823],[20.392616881488365,74.19516459609623],[19.345469039388103,74.16031041115257],[19.588281219539283,74.407805602149],[19.499284466369176,74.7029889851118],[18.891099394893498,74.79691519584286],[18.769355664560393,75.06886157969171],[18.047075087316287,75.40629187744773],[18.617230802560606,76.00348538967731],[18.436745708006885,76.45834801265332]],[[24.80471989256415,76.71117368419007],[24.648877335245277,76.38791625400849],[24.94397415471273,76.14513641736306],[25.74882580338399,76.46351824952238],[25.88079641843764,76.71591572641474],[25.57337509507893,77.01197047229272],[24.80471989256415,76.71117368419007]],[[22.231404790095574,76.22279712605412],[22.48242800432821,76.50785820124553],[22.25286326156616,76.81046768482719],[21.09174132699758,76.75187760912456],[20.84672569861629,76.52457451087378],[21.131712765343014,76.06474532020579],[22.231404790095574,76.22279712605412]],[[20.213350967075257,76.53559071040529],[20.01643116058232,76.29553421474324],[20.114432750133133,76.02819583676546],[20.74000136039395,76.04797985971166],[20.695894066103584,76.5410138707758],[20.213350967075257,76.53559071040529]]],[[[18.491823462679108,74.50995375972853],[18.56930176368675,74.27480082029504],[18.802096022047706,74.14222430823723],[18.439590630099026,74.17089242183816],[18.491823462679108,74.50995375972853]]],[[[27.546311773404753,78.79467100618916],[27.274797930225134,78.85845334727792],[27.543165220728387,78.8682544844755],[27.546311773404753,78.79467100618916]]],[[[27.51475867341242,79.78772863638117],[27.500634849673105,80.24429463938512],[27.295692617380926,80.39193166084556],[24.109732425084243,80.8071168662869],[24.430939313206768,81.05493198301158],[26.883295538645534,80.75500773071353],[28.421065691148193,80.30370706742853],[28.164377840289198,80.18627956899311],[28.108615641076714,79.88363835830611],[27.51475867341242,79.78772863638117]]],[[[23.014212001142173,80.90215432153596],[22.232484959159834,80.66478656910016],[22.056048198573077,80.4864909553409],[21.64200704770624,80.5606512500961],[21.512247143414218,80.94249108609095],[22.38708125660512,80.98748248212351],[22.611566959634587,80.85198013005405],[23.014212001142173,80.90215432153596]]],[[[23.157570088503572,81.02710755806866],[23.206043850851653,81.01428471279569],[23.135646059866303,80.99436281195194],[23.157570088503572,81.02710755806866]]],[[[15.526874952129734,80.1085631628652],[15.349912362073644,79.90001256550805],[14.573755233767434,80.11041185899545],[14.183996062995943,79.98765162902833],[13.770279358809224,80.18100961710229],[14.069697230470696,80.37480992383222],[14.862441216195233,80.41609228658447],[15.526874952129734,80.1085631628652]]],[[[12.073940559338384,80.09527775017996],[12.040999259408556,80.08293834782235],[12.011560833025326,80.09410264649439],[12.073940559338384,80.09527775017996]]],[[[17.668404090339212,80.4153599723324],[17.184036076588477,80.50307573450051],[19.28523151966191,80.82795903894265],[20.238114375005946,80.8769643638048],[17.668404090339212,80.4153599723324]]],[[[29.181479043068837,77.34147787615677],[29.422355497139122,77.35723802447005],[29.576236118000732,77.20958463075674],[29.181479043068837,77.34147787615677]]],[[[30.350271799792853,77.07777990651581],[30.412160103131512,77.10560439191798],[30.423589337825973,77.1023053512281],[30.350271799792853,77.07777990651581]]],[[[32.26938154837033,77.03471693974714],[32.666165559922554,77.44046898689801],[33.4226862765315,77.39873054694603],[33.584627784638805,77.69706343530976],[34.86780733648884,77.45430792445673],[35.10039686582778,77.8910762415378],[35.897043272872615,78.25185757259885],[35.955825713641914,78.04018484211196],[35.74447172293591,77.76109385254325],[35.830067331336636,77.51985842816913],[37.0250609388534,77.17078477408153],[33.73788033572862,76.7866891474403],[32.26938154837033,77.03471693974714]]],[[[37.144838158568646,78.16916006251758],[37.12153821113674,78.31864397525631],[37.6615731052508,78.31276234798185],[37.44575730120972,78.16947154144587],[37.144838158568646,78.16916006251758]]],[[[16.547236900268953,75.24784504769002],[15.964669731675814,75.30617644924483],[15.818028522927323,75.6059285679015],[15.95209166804706,75.7015743226401],[16.547236900268953,75.24784504769002]]],[[[14.406772523375798,76.84238960868956],[13.74982375140889,77.08344844172048],[13.661857906062028,77.31924252066227],[13.056255791121579,77.74706861702123],[13.378248004241538,77.80303561103914],[13.699326913963395,77.32155847360029],[14.406772523375798,76.84238960868956]]],[[[10.277980383590966,78.67347428541446],[10.098727287127936,78.60620039494604],[9.996069878694092,78.63799096461783],[10.277980383590966,78.67347428541446]]],[[[33.65493686137479,75.04807341429436],[33.85864888758484,75.28264168774164],[34.610562590799645,75.47638490825233],[35.359062219782835,75.40276548274142],[35.62280235165035,75.55949088583054],[36.60586344541193,75.57674739529548],[37.60634720289559,75.37842592098282],[37.849410853552044,75.07493958200257],[39.31937088057159,75.08015771357438],[40.13251093304548,74.87387536538057],[40.43525591576895,74.59210106742795],[40.16551712761564,74.38564383421367],[39.81327173013042,74.61037397466805],[39.45021065231334,74.34124604375367],[37.89072122256626,74.5709336915337],[37.4199598772665,74.37179596736011],[36.98768130664046,74.60267192224674],[36.324229305232784,74.58144450067103],[36.014144207910824,74.90006463302139],[33.65493686137479,75.04807341429436]]],[[[30.142279722288002,81.07541176134974],[31.898943904051567,81.20801017018779],[32.26553502040399,81.08593678948287],[32.24063746852697,80.7457208710809],[32.597601418787896,80.49357241950364],[31.39595386820227,80.39277720926744],[31.19258523762336,80.19920324367699],[31.22777605162877,79.93763450636479],[30.627623983808057,79.86420200259819],[30.78489000189904,80.08515169648904],[30.766038887328023,80.64959264420321],[30.142279722288002,81.07541176134974]]],[[[38.29797852401004,80.2234964294229],[37.060391635435806,80.26074668502147],[38.89062332949042,80.47715593253719],[38.29797852401004,80.2234964294229]]],[[[33.80775265618452,80.4694033190964],[32.834360460411744,80.51231068703183],[33.0816428949311,80.78979958532372],[32.9685563276421,81.10411512696383],[33.71332271525775,80.61531682702835],[35.09009862545505,80.82123539668954],[33.80775265618452,80.4694033190964]]],[[[-7.939572016751435,62.05599849886096],[-8.172447722131519,62.01407932505954],[-8.210019673430523,62.06213403908405],[-7.8988263785187725,62.26515252207956],[-7.939572016751435,62.05599849886096]]],[[[-7.249474728652013,61.72386550147],[-7.246915626615736,61.723460026107055],[-7.247766803387236,61.72068919419803],[-7.249474728652013,61.72386550147]]],[[[-6.647610787186705,61.0962376268964],[-6.577418307162975,61.042905984800385],[-6.63522336805982,61.04592329488717],[-6.647610787186705,61.0962376268964]]],[[[-5.978385058926506,62.34211761740729],[-5.961125188797154,62.3515016485911],[-5.976116482174198,62.314968761144144],[-5.978385058926506,62.34211761740729]]],[[[-26.329707319358956,65.23895895114272],[-26.09306279990791,65.48318099756025],[-25.393682437583553,65.4756441540942],[-25.26102931343609,65.75779600933357],[-25.481569928555558,66.04675607381785],[-24.384554338696432,66.61455428633869],[-23.410812232046496,66.55790904601604],[-24.774954582637708,65.69442182036111],[-24.78438900747475,65.33413930296719],[-24.446232982258397,65.18906365838541],[-25.06688964524033,64.95794495235174],[-25.687976391091574,65.341739344855],[-26.329707319358956,65.23895895114272]]],[[[-23.505659321743988,64.44748810932016],[-22.69391293323385,64.50264903916162],[-22.55932616541338,64.37881910150149],[-22.941860831567777,64.26629230377078],[-22.99252110801326,63.838563249940826],[-23.440462401002,63.89526921576855],[-24.14269625129873,63.5442799497214],[-23.55434428792524,64.18679021484648],[-23.505659321743988,64.44748810932016]]],[[[-21.721517334076633,63.58987073613586],[-21.321609930537637,63.62230768098821],[-20.90547028069298,63.506890650833384],[-21.721517334076633,63.58987073613586]]],[[[-15.438354131351323,63.94376435170441],[-15.254547276818785,64.01086974160309],[-15.25932869018295,63.84330064166592],[-15.33548699425349,63.82929215725699],[-15.438354131351323,63.94376435170441]]],[[[-14.66364943390642,64.0726749907873],[-14.61075197020932,64.1035816642939],[-14.598274536756882,64.02773754161824],[-14.66364943390642,64.0726749907873]]],[[[-14.156811210465715,64.37341321443247],[-13.268838513891849,64.89016863946163],[-13.344258782300916,65.46076664191538],[-13.157687479002057,65.12725055305741],[-12.586088171970363,64.85735796411976],[-12.74891720785692,64.58219554211091],[-13.151023434328717,64.37170350576723],[-13.823518024738233,64.21130213918653],[-14.156811210465715,64.37341321443247]]],[[[-14.81500731528755,66.74679319346252],[-14.952806242343987,66.6776660860201],[-14.9255248332509,66.77801393119981],[-14.81500731528755,66.74679319346252]]],[[[-21.61766258749578,66.45471497425922],[-22.07840374813312,66.5485730845131],[-22.32967455764223,66.7468253366024],[-21.52207924770009,66.78048464946376],[-21.61766258749578,66.45471497425922]]],[[[-22.83976172915082,65.27034713826052],[-22.930043875140036,65.26452709899905],[-22.835976304248437,65.2804929296961],[-22.83976172915082,65.27034713826052]]],[[[-14.001454219821147,57.51664452823788],[-13.97597696260931,57.504298577487795],[-13.962195870421422,57.46988240535932],[-14.001454219821147,57.51664452823788]]],[[[-44.98988732483088,46.96288886400515],[-44.71673657433828,47.017258553317575],[-44.97535274197716,46.9150707111933],[-44.98988732483088,46.96288886400515]]],[[[-61.32138568345698,-54.24750496194336],[-61.18852859663146,-54.076722768314184],[-58.16687097037455,-54.2886606598497],[-58.81767757249093,-54.46174439951592],[-60.92981970337098,-54.486494383727326],[-61.32138568345698,-54.24750496194336]]],[[[-57.896771082072476,-54.35045328645994],[-57.35592308095164,-54.47418683850339],[-57.635691183365324,-54.564130637379336],[-57.896771082072476,-54.35045328645994]]],[[[-62.019544637227945,73.31380278212758],[-61.95589945748045,73.32227153507876],[-61.95775400742049,73.29301415522475],[-62.019544637227945,73.31380278212758]]],[[[-78.8542962757289,23.972929367705646],[-78.9504288588141,25.7765272804558],[-78.26591361775245,25.633088020644028],[-78.68881608633352,24.622430228672904],[-77.99643617229812,23.54097839311166],[-77.5241693822167,23.44389881088726],[-77.11969787647794,23.131200480792565],[-76.56417379737087,23.182340624842784],[-76.31415589631273,23.481879373637693],[-75.83117596961235,23.172854879565037],[-76.12360011070783,22.930455788674106],[-76.0733023752178,22.55753652666117],[-76.41733588225519,22.404622533149904],[-76.72717918258223,22.56223401715497],[-77.22720697158829,22.482958149410322],[-78.4094790215329,23.18746924166259],[-78.8542962757289,23.972929367705646]]],[[[-76.98234703694693,24.954309525517395],[-76.97270907666793,24.967771929498976],[-76.98470147281382,24.948774225218678],[-76.98234703694693,24.954309525517395]]],[[[-77.13150695587828,24.789130783222305],[-77.06998536636398,24.788863269960295],[-77.08007822689723,24.712606531894025],[-77.13150695587828,24.789130783222305]]],[[[-76.92143194122164,24.258592457478063],[-76.9236984325547,24.259093872108213],[-76.92370720737199,24.25983912221581],[-76.92143194122164,24.258592457478063]]],[[[-78.76785016274795,27.13062933819066],[-78.81625232597537,27.011534760775618],[-78.85613278263875,27.129644334249598],[-78.76785016274795,27.13062933819066]]],[[[-77.88725879136757,20.39514979151734],[-77.68661867166828,20.377829287203607],[-77.79469062577878,20.303982758606494],[-77.88725879136757,20.39514979151734]]],[[[-82.43671014916113,22.27231388375171],[-82.34462711835764,22.157371210853686],[-81.99098912832922,21.939113228644008],[-82.3470914538015,21.807621060862164],[-82.46179215811311,22.191963004271155],[-82.87502112308627,22.231780756086305],[-82.43671014916113,22.27231388375171]]],[[[-79.04450633383642,21.274317966535687],[-78.92529780834971,21.296926840127092],[-78.85734609746999,21.138642113161442],[-78.89743872656379,21.161403202639292],[-79.04450633383642,21.274317966535687]]],[[[-80.02191454687711,23.825654745313795],[-80.02141396893683,23.82579425635092],[-80.02113482360056,23.82529737594298],[-80.02191454687711,23.825654745313795]]]]},"properties":{"name":"continental_shelf","sea_level_m":-90,"source":"Natural Earth 10m bathymetry, eroded approximation"}}]}