{"type":"FeatureCollection","features":[{"type":"Feature","geometry":{"type":"MultiPolygon","coordinates":[[[[15.423105048301082,-28.46852547513801],[16.043903614257513,-28.928998915967203],[16.37119109340896,-29.65973321476282],[15.728442864208688,-29.31922867518408],[15.423105048301082,-28.46852547513801]]],[[[20.069180093723187,-35.36717860198508],[20.71198398540642,-34.99436512806585],[21.93013526662946,-34.912796457362845],[22.40868164212794,-34.59426411619036],[22.66276011273193,-34.56060546612727],[22.287826639037686,-34.705425276252186],[21.976662306125075,-35.19399542078427],[20.84260970564334,-36.0286899083697],[20.069180093723187,-35.36717860198508]]],[[[35.38634437097046,-20.4616619263419],[35.265368977278484,-20.269611361175908],[35.81182857821169,-19.787693139965306],[35.55154567991785,-20.108140070088176],[35.38634437097046,-20.4616619263419]]],[[[41.2080882982545,15.186833205449759],[41.06277299018864,15.207975875277828],[40.94019785023157,15.441320832110938],[41.2080882982545,15.186833205449759]]],[[[39.73970289510809,16.581753849423844],[39.752664385797736,16.569440834801842],[39.746012284390744,16.565114021132832],[39.73970289510809,16.581753849423844]]],[[[66.50325170848156,24.305828916697884],[66.7221965902847,24.272574229663647],[66.81158331315653,23.94088140013175],[66.50325170848156,24.305828916697884]]],[[[55.086590541674845,26.028641328066094],[55.14072741897258,25.94486000279426],[55.094267224986524,25.88380631361608],[55.086590541674845,26.028641328066094]]],[[[54.5511679554171,25.34695790915267],[53.923375594235196,24.819774891512935],[53.40304845557901,24.962656958895682],[52.968172062935956,24.790989181722427],[52.158810481439886,25.06775157596392],[52.02454543681792,26.208515239720093],[51.461491221214914,26.66832478202979],[50.921491624665315,26.601225256292707],[50.704843758297926,26.721768257624685],[50.07657919026304,27.707742023076143],[49.37079545913353,28.078883122722566],[48.81267267409813,29.02725253215379],[48.940535342191374,29.471751349623553],[49.80174181049132,29.53409561339347],[49.82578172555234,28.963640901713386],[50.60828156332571,28.389630614021296],[51.016175663995455,27.5376643755069],[52.084003913995865,27.16716351001717],[52.803435391139175,26.420345332793023],[53.96064437565178,25.943082540282965],[54.10418544598514,25.542285463144395],[54.5511679554171,25.34695790915267]]],[[[67.81385125895115,23.172625976859976],[68.48658980501897,22.622961789385258],[68.39812793416347,22.251336936829656],[67.68305907363101,22.8951244369666],[67.81385125895115,23.172625976859976]]],[[[68.56771875418148,21.917139125611616],[68.74195583454143,21.75239943058487],[68.59119247751518,21.81466182979903],[68.56771875418148,21.917139125611616]]],[[[69.84440770577469,20.71004045238431],[70.31034396993594,20.308788105685576],[70.97649742751284,20.16018248160777],[72.32776458780499,20.63688364110864],[72.10436031980649,19.776690562825667],[72.76020425849185,16.86750193169288],[72.19139194904099,17.66326363108213],[71.34259634966322,18.156158311947934],[70.7682544247392,19.182859329231302],[70.28749496893145,19.441126892085897],[69.84440770577469,20.71004045238431]]],[[[73.79838996260858,14.317312246977778],[73.95668824053058,14.165799291782083],[74.2007525119149,13.479031125562491],[73.9999806345204,13.685369841087548],[73.79838996260858,14.317312246977778]]],[[[87.59210815663913,20.729080229675255],[87.51064176151694,20.986898859892722],[87.88275195643516,21.15011842051062],[88.53768032730895,21.00958532930998],[87.59210815663913,20.729080229675255]]],[[[89.79140625541517,20.808614951594496],[90.11471562723193,21.2738060084624],[91.29345496378085,21.616956519913227],[91.8075663021766,20.52665354137108],[89.79140625541517,20.808614951594496]]],[[[94.1949786833854,15.330619651960827],[95.65092131843262,15.225766124848493],[96.08626964099396,15.76152826948082],[96.96930714379026,16.108115260893513],[97.49796792519193,14.196188116444745],[97.38440821009527,13.681249127163642],[96.82891763292193,13.863367919568248],[96.3188883926986,14.586082648813601],[94.69175604013208,14.639959062658399],[94.25107474522675,14.954594928679322],[94.18709984251022,15.166400251986406],[94.1949786833854,15.330619651960827]]],[[[97.55737423655202,13.409997010779609],[97.55288287446683,13.243690499742003],[97.51058067743423,13.455585520067386],[97.55737423655202,13.409997010779609]]],[[[101.12647448007591,7.47875773172118],[100.71262553865819,8.694241546057567],[100.46916088790812,8.941640279494859],[100.63317035012119,9.519323247252041],[100.57337475672692,9.990837373421234],[100.27016489289423,10.28681326368908],[99.83207064373582,10.272192283871705],[100.56940196449344,12.18479382360626],[101.58719190082716,12.144448598580478],[102.1189148283893,11.239581945258301],[102.51059966940132,11.020548074247833],[102.92669460022492,10.164300536026694],[103.43206161534486,9.985884856560467],[103.80072770414613,9.518345690050461],[104.2840974305444,9.510331249693532],[104.19656413940884,8.44559251212898],[104.68355154161625,8.039789269709122],[105.33620561469736,8.136881917710237],[106.02186553768372,8.720659452165748],[106.29498831004247,8.182719169275115],[106.86818165891297,8.180571373552791],[107.16617880899796,8.629352167500743],[106.9429468955923,9.207177971339151],[107.2363658096439,9.794329348216406],[108.39789291362457,10.378432504722774],[108.60537582016194,10.071499250792849],[108.17342335949488,9.703835402067092],[108.08055040722938,9.329997184467496],[108.21931107403486,8.869887161687258],[108.5678285838393,8.640230808097543],[108.56375799659627,6.907005342365388],[108.69743880577055,6.6037539618461],[110.09683572631577,5.078827809417298],[111.50643442698947,4.857290598892267],[112.1617960835435,5.094471904538197],[112.90268202293737,4.5519033100778685],[113.39898468699973,4.477561755768807],[112.69323646544109,3.6416495359274443],[111.01538891284912,3.2078530813780564],[110.64439455860598,2.253892501632328],[110.15106274047658,2.3223333045784313],[109.65293395939295,2.6325778468894168],[109.27819281297177,3.383815131205636],[108.7916323051814,3.549020555218187],[108.91215779682327,4.047891418514808],[108.39937268791712,5.159271701848847],[107.9566811465998,5.315272982918638],[107.55027884818671,5.0961329998058105],[107.38737428216281,4.6860004297511875],[107.5699233218289,3.5309387018933207],[107.27465941565978,3.2865831115307635],[107.20967042980118,2.916052184425207],[107.398036581403,2.5904221348976058],[107.75080946915482,2.440128941384584],[108.10440479979502,2.521468244099717],[108.3355616269304,2.8227141479950886],[108.76172718159982,2.0045331494021292],[108.37433175370654,1.166290018196533],[108.3804842457817,0.23809604779920795],[108.72768991077213,-0.9183572104850648],[108.14735355070222,-1.5664815621164996],[108.33784751837001,-2.1463935655240127],[107.62512429160296,-2.0133109820444544],[107.24921511387028,-2.207718411366272],[106.7983643133566,-1.994258392476494],[106.13264640261113,-0.9896734406416622],[105.40899699233111,-1.0047304366067067],[104.97391312929192,-1.3477102654721624],[104.9165477439074,-0.9274398257541512],[105.38294585597413,-0.6871150204073493],[105.55663632148118,-0.35437973033672543],[105.50332031913634,-0.03534097891631499],[105.15705668978417,0.3595016245053051],[105.38297054680785,1.125403393803197],[104.80002592413015,1.7077973863744418],[104.56479993167325,2.3037277790008197],[104.77063062154588,2.6658689982409287],[104.65743902130698,3.1658820976590745],[104.37102591278264,3.398273072700269],[104.02607019412856,3.4047208977820804],[103.92936096702155,3.8368445544614196],[104.04075470041538,4.397645252643541],[103.72938587762214,5.4344167870354765],[101.90291753327129,7.269692213913678],[101.12647448007591,7.47875773172118]],[[107.9792843029459,0.6100403074445886],[108.15148821485052,1.0001697030848906],[107.99309746964565,1.3961084665968357],[107.54614674436009,1.5874878434013882],[107.15232046681922,1.4172903997871849],[107.00056137381378,1.0159981317521745],[107.19068746988606,0.5622170666975186],[107.59292096514936,0.4211716605300828],[107.9792843029459,0.6100403074445886]],[[105.16597614697848,2.7828345019839373],[105.50508612675483,2.333839114100088],[106.48262840858125,2.240350912377615],[106.77331233102096,2.6074347254379973],[106.77854116524628,3.6246270688647506],[106.25232648764982,3.9167171654957538],[105.41219864313712,3.535389071992716],[105.15935494589655,3.2091633459225304],[105.16597614697848,2.7828345019839373]]],[[[108.87766453374921,16.08334502966307],[108.7186477722904,16.545894409167428],[108.08612777434848,16.812197345281984],[107.03883163976207,17.812751645621983],[106.88070160981161,18.44553692077071],[106.22486592260984,19.057601883549694],[106.39736418022366,19.5312953872028],[106.94709305146692,19.831981095354283],[107.11469121750446,20.159175885336],[108.1211295578761,20.524081314041204],[108.46412842632189,21.01266072940019],[108.79352164299992,20.562657560452156],[109.27696945501249,20.447634341093334],[108.90949184724057,20.326161120276936],[108.14729663955318,19.54407846102433],[108.156254224568,18.36345823404647],[108.43208763393545,18.026754941069232],[109.57565350574119,17.61984468468035],[108.97299313804976,16.89740560878306],[108.87766453374921,16.08334502966307]]],[[[111.08048910127695,20.537332515091286],[111.17597600081722,20.988103644899443],[112.23126305694964,21.13471582178731],[112.93626549575892,21.04732885309242],[113.59328767379955,21.444398035786538],[114.5628862707868,21.560409381620545],[114.85047601552218,21.999950865769545],[115.30493036119137,22.180282636401866],[115.6524702503393,22.123788236455354],[116.72802972080521,22.441304623395283],[120.2948993255525,25.1426355422046],[120.39486650550364,25.503880458804225],[120.23419714952234,25.89483961983044],[120.98663692955125,26.914746780461734],[121.5118344319494,27.08356895057083],[121.72229484309206,27.732868907532488],[122.07730609547183,27.983787157574927],[122.11648356114243,28.50275116951828],[122.90213569391983,29.619990997103827],[123.08106662046474,30.698551948909028],[122.91943236165024,31.09389525607379],[122.49377359322293,31.288761954493744],[122.46320754857835,31.863087797629934],[122.25872218931417,32.28674052135312],[121.44439651078399,32.984380684374024],[120.68982980084115,34.65130058267965],[119.96201114300275,35.09228047905373],[120.95818280551616,35.676826768958435],[121.48120151247569,36.21012491865264],[122.473245011661,36.29477175341616],[123.00615208406984,36.66614918548673],[123.23785377077999,37.389127692798986],[123.08753579267746,37.78805652941763],[122.16989567800351,38.110626498364255],[121.69902867818621,37.97773071398475],[121.40604104574354,38.12041428728564],[121.45256960600653,38.235406935324065],[122.62035524293347,38.67742086131832],[123.36586681364258,38.518959812971566],[123.69921001304624,38.83106268079389],[123.69983846740712,39.27386531628309],[124.06709271631722,39.28073727934982],[124.42295251609133,38.908883761830765],[124.076413221592,38.031556955901046],[124.2369582895513,37.536175365911674],[124.5652930291929,37.28009842805665],[125.5484582960607,37.125042820380564],[125.61328794278616,36.567954710877586],[125.94890495906374,36.05413048888312],[125.5336462575837,35.23169631138364],[124.91926192876394,34.92683003429434],[124.55404352648497,34.20435965649377],[124.6849873845578,33.70709127233837],[125.21247185185976,33.50244644989458],[125.66136129725022,33.89127529375686],[125.8627696298797,33.76298039698364],[125.6223927883423,33.41143687995586],[125.72842138437188,32.961280007196514],[126.59139219483505,32.6908296629492],[127.23720332724095,32.92916238936391],[127.86985449512066,33.94783400790931],[128.6609412401056,34.160940572649615],[128.79596797005922,33.73915908793645],[128.5908893356376,33.415608528040416],[128.26516442583275,33.53342060439567],[127.95423963854813,33.44627390550768],[127.56219044341267,32.88573124132533],[127.51877234568559,32.46325687793021],[127.86339013154493,31.906689314143136],[126.2127181168772,28.481107039671627],[125.69962424638058,28.049666323670152],[125.30639068554092,27.335153588702227],[124.95571177032298,27.130609466189505],[124.40833666807912,26.95549390724855],[124.10879835382875,27.13594701777941],[123.51228338924557,27.117595750123044],[123.20883420024802,26.829413081291325],[123.12918198544003,26.31840662050426],[120.7664564748353,25.515771508921812],[119.79963273498183,24.176573813039347],[119.45923440637527,24.21864049658629],[119.0892058856719,24.01688735188957],[118.9778087026691,23.376753147328294],[118.5577009947315,23.22719026499438],[118.38837005067415,22.800126077774674],[115.96763575199091,22.037570925337278],[114.93939930520219,21.189253301451505],[114.48961903200394,20.607524421065964],[114.06073966189713,20.685192381808726],[113.31198809340157,20.505129179471556],[112.79602482747802,19.984230252916387],[111.83814615341613,19.438300749094886],[111.5525227472821,19.458639234367514],[111.54004830432999,19.85926734434603],[111.08048910127695,20.537332515091286]]],[[[111.05572784694637,19.024335312974753],[111.11907795049642,19.042828646553634],[111.05950022364462,18.99814535141478],[111.05572784694637,19.024335312974753]]],[[[129.97319253430413,34.3411267684372],[130.03443791848585,34.70674266160296],[129.86068273028138,35.125535967647195],[130.76151950381956,34.94022211454583],[130.49444859898045,34.72226339845051],[130.39665252259675,34.39708529740712],[130.09466327488545,34.24134692279676],[129.97319253430413,34.3411267684372]]],[[[120.5794228580473,38.82837364099959],[119.74686849347815,37.97065869019468],[119.12528687976996,38.61843219365501],[119.68311189206914,39.01045455623603],[119.83249433382231,39.411496190078815],[120.70762762623164,39.71776446480732],[120.5794228580473,38.82837364099959]]],[[[141.2405769428442,50.062764843771596],[141.047475840626,50.49882771437822],[141.45651820047365,51.236816137160204],[141.66310719143064,51.081521741791306],[141.49456816464837,50.61036522216435],[141.52735508374363,50.06135334878021],[141.2405769428442,50.062764843771596]]],[[[142.60040127044854,45.6838486769875],[142.86861394129994,46.09525686208213],[143.1809123166804,45.233780894250096],[142.60040127044854,45.6838486769875]]],[[[131.53178663740812,35.18239804385737],[131.2405751434468,34.97531185499879],[130.84898463689467,34.96620932889305],[131.38334471148966,35.211122801659094],[131.53178663740812,35.18239804385737]]],[[[143.26203588466632,47.7992502125778],[143.17136942384045,47.897990357998395],[143.43690051707517,48.67495783335274],[143.84577458083174,48.73217853226284],[144.30174908837807,48.254812878717395],[143.26203588466632,47.7992502125778]]],[[[143.75107997808666,52.12395316375859],[143.71405990175725,52.09576810791738],[143.77356735635354,52.179858843283604],[143.75107997808666,52.12395316375859]]],[[[141.85863509022803,53.981509015184436],[141.5093909385741,53.85601382800728],[140.84707563442845,54.124971377502],[140.58700752533215,54.48413062570132],[139.67583572308305,54.99071201465729],[140.16113910322528,54.97745485244033],[140.49239711915453,55.30966871142745],[140.54469043329843,56.08853547298345],[140.16172684398344,56.52234362229006],[139.6990760140119,56.52458028874296],[139.3373420642099,56.11360640892199],[139.29624264303263,55.478113205015596],[139.4454385420675,55.13602712399223],[139.1077160525159,55.13649051908495],[138.75966667291448,54.89486848731446],[138.59907326054113,55.42726576127944],[137.95525800179783,55.670307215874516],[138.56173400250591,55.990475727992965],[139.2510193993228,56.675411487298014],[140.81721533403302,57.398515966391386],[141.2415424808611,57.91742874669261],[141.8658668667647,58.14562507174485],[142.51024625338718,58.62323790890424],[143.24487753021305,58.83198740386999],[145.42925346959728,58.85992742158401],[146.02692444732222,58.58936934546303],[146.75926630101793,58.84510853886054],[147.53045874410972,58.68776641274966],[148.22179494588485,58.84195095254007],[149.06317951553922,58.62022941931081],[149.51025817649193,58.79997975603949],[149.68930564528762,59.16882225719528],[149.93711536616246,59.131575717794334],[149.95762750046683,58.80961967202784],[150.19977058461905,58.526293133950915],[150.8665803132086,58.543229432253746],[151.20009899355196,58.305028146327],[151.0341888155822,58.03335001606276],[150.48170900580004,57.765020718772256],[150.12520008729518,58.155969262841865],[149.57347722554175,58.044854070257465],[149.3989291722538,57.72010530447253],[149.43479508714188,56.93893235430254],[149.20639358329055,56.569969938106254],[148.36034343487577,57.361735635126195],[146.97487380350802,57.097169451377624],[146.61725508076944,57.26715104977465],[146.06357040554224,57.17093420106791],[145.90971596805358,57.489380916516104],[145.4921819238814,57.651550155811336],[145.18383519152653,58.08091173917313],[143.84749522451267,58.201961442253356],[143.56579127673538,57.90189380269802],[143.48104892008973,57.14159238173566],[142.45450598288633,55.972588951122965],[142.42711244177977,55.31965127005275],[142.64784154779505,54.96972694769013],[141.8612611749593,54.62698133137754],[141.75536106071576,54.32340687605782],[141.85863509022803,53.981509015184436]]],[[[152.22454932135565,58.3645425230825],[152.4258334990983,58.46873341716505],[152.53757575936473,58.43623089128346],[152.36038780664225,58.354917221641095],[152.22454932135565,58.3645425230825]]],[[[156.13139406271728,59.45889073938409],[155.8614195812578,59.80494202328025],[155.32902961970686,59.916469519617415],[156.19477695962104,60.230876937846915],[156.43260966452712,60.52177039001167],[157.03088594873688,60.79527776440516],[157.19927859366916,61.11799636987687],[159.11618395310126,61.353469065974586],[159.389784205684,60.56200098512611],[159.90073503999682,60.108127410222465],[160.2286607648571,60.030704749941684],[159.4633285023722,59.528583102653506],[158.90977590495996,58.926307740108804],[157.2239137683103,58.38397471568095],[157.5777444934297,58.89504097221254],[157.57259521978668,59.32276200154166],[157.9275852353361,59.80876133934175],[157.78191299129102,60.35308510832039],[157.39252576189668,60.50877579777082],[156.66778177929618,60.38208726651987],[156.2793899024339,60.074663383505865],[156.25909237394234,59.54496533539834],[156.13139406271728,59.45889073938409]]],[[[156.2045023752474,57.65616405272152],[156.2286974880493,57.55296893064003],[156.02139369180207,57.38793034874908],[156.08691142635467,57.534613854925645],[156.2045023752474,57.65616405272152]]],[[[154.8385312019133,56.53266819781324],[155.4190991242748,56.77778492121482],[155.03240506042107,55.46943909095556],[154.77719504072965,56.276186319869055],[154.8385312019133,56.53266819781324]]],[[[155.17236986232965,54.5015407126227],[155.57619269975353,52.807859989624944],[155.73375509092628,52.49856328845209],[155.29997958444005,52.82655372328933],[155.22492422806602,53.60586997013954],[154.94696598058928,54.01543801419914],[155.17236986232965,54.5015407126227]]],[[[179.45,63.719194729661254],[179.15585973076307,64.2084798836355],[179.45,64.30553736861718],[179.45,63.719194729661254]]],[[[117.88336346534346,7.073337546340432],[117.81437445024707,7.194562683946439],[117.82598270155587,7.253786892772458],[117.88336346534346,7.073337546340432]]],[[[120.35245807913701,11.115521769299209],[120.3299867004841,11.14462914048689],[120.38044423646154,11.116071027155005],[120.35245807913701,11.115521769299209]]],[[[131.41011733341134,-2.0333162693166913],[131.43302704560597,-2.105003010951405],[131.334486630769,-2.0256111527486724],[131.41011733341134,-2.0333162693166913]]],[[[144.359742590662,-9.275520772791065],[143.99268982719585,-9.439295216600502],[143.48396848676944,-10.132636642204726],[143.576378295273,-11.52658769724603],[143.37566827386362,-11.43034687772943],[143.29674964614202,-10.871568224192636],[142.83378117201366,-9.94501728150686],[144.02367295107632,-9.12251368043583],[144.32318373352007,-8.737519599952867],[144.373338211114,-8.330890370318645],[144.75173667659365,-8.316626228793632],[144.359742590662,-9.275520772791065]]],[[[147.97256063121986,-19.15473312487826],[148.4832359604642,-19.417319409255086],[148.33853245927523,-19.427889775393997],[147.97256063121986,-19.15473312487826]]],[[[149.50924360689152,-19.908799619524615],[150.26857524750866,-20.25662699889423],[151.07390562102506,-21.00184146904434],[151.5579984670283,-21.142631554172823],[151.89723661545807,-21.060989666231364],[152.2560862005554,-21.369296832964874],[152.23569320425688,-21.72702361393177],[152.53558860468607,-22.328597610805858],[151.68421516943843,-23.166590816740943],[151.37253198105017,-22.95591397175204],[151.3301996073117,-22.477220863813756],[150.76841819020459,-21.348730082106318],[150.38684985643016,-21.091943805441506],[149.91212867545354,-21.187440684674723],[149.7846751392343,-21.074073103022737],[149.50924360689152,-19.908799619524615]]],[[[147.83705479156228,-38.61786625066588],[147.93843764489512,-39.19840737294848],[147.54996100076826,-39.292076903919536],[147.22939909676052,-39.726225656405674],[147.4160607017925,-40.33164277543839],[146.4758180108602,-40.58589322626782],[145.47823909845815,-40.33716783459699],[145.12837106714326,-39.86950423270889],[144.68129544517376,-39.891956630622566],[144.45333465438728,-39.282235624239796],[144.2185470836792,-39.073515213972065],[144.51265270570423,-38.884067802497306],[145.41206876583198,-39.11519828278537],[145.67866421745606,-39.40032971900817],[146.4806847386399,-39.6881124775519],[147.83705479156228,-38.61786625066588]]],[[[138.28935793799755,-36.578334587171234],[138.11587261315313,-36.56054071525681],[138.06447313732673,-36.4340528904806],[138.3003768642297,-36.34032711980765],[138.28935793799755,-36.578334587171234]]],[[[134.58598822388336,-34.42506768577423],[134.06498222211553,-34.377539215963345],[133.56560494596127,-34.06747842809427],[133.38505787264654,-33.74480548747701],[133.04549157649046,-33.60973299019422],[132.98663605888063,-33.19414789431989],[132.65538283603186,-32.942238889443914],[131.83104388586167,-32.96801814322128],[130.55974557607212,-32.53310293200764],[129.60881244854414,-32.80708705158348],[127.95266066526825,-32.62729738046782],[129.10735333448594,-32.231702599469585],[131.06710221457865,-32.040977038817765],[132.0305767360208,-32.54407651906317],[132.67627978477125,-32.52225195254791],[133.40225990218372,-32.84419152780342],[133.94881885004975,-33.59729832324074],[134.03174037753865,-34.103695576703714],[134.2826428353929,-34.297373079480714],[134.63879586446032,-34.30942786543868],[134.58598822388336,-34.42506768577423]]],[[[125.38599204578342,-33.13373420227014],[125.0711081909423,-33.41929466941056],[124.97520106831206,-33.46102847085195],[124.9958880144157,-33.29886541287916],[125.38599204578342,-33.13373420227014]]],[[[115.91542106194764,-20.374531105464147],[115.73861411957452,-20.199722921080788],[116.3834374726789,-19.771911205630023],[117.43222197609299,-19.54036329439863],[119.42241729395197,-18.435200330629957],[119.79232403058937,-18.478249875549597],[120.61124896897857,-18.095384346583913],[121.38353308485044,-17.08743412235774],[121.57482350960798,-15.92046259651246],[122.07463847463627,-15.36296163199914],[122.8329738111695,-14.850629236251953],[123.52206166837296,-14.634986969614562],[124.14736179898206,-14.080605903024043],[124.72762828037997,-13.043014031905772],[124.48026934299789,-12.367851496900132],[124.85333117948262,-12.365202352891146],[125.56965713580713,-12.003768485152198],[125.97304795717572,-11.20695307179661],[126.62355656099244,-11.125464474815937],[126.96447915918164,-10.752263086271476],[127.95095932649546,-10.519954343632875],[128.4642594040896,-10.080432599223908],[129.10190771579414,-10.176988382682252],[129.5566789184843,-10.447749217619489],[130.49783611867687,-10.507943579286401],[131.2930608663733,-10.264044267314771],[131.681676180173,-9.897343255880616],[131.852806724751,-10.212373784641647],[132.36349595215572,-10.471462673789471],[131.60782100741827,-10.728041059969929],[130.75574609720175,-10.78476820139413],[130.3523319788709,-10.634151924609128],[129.96536772642344,-10.814327527584469],[129.4680234428075,-11.816407315014626],[129.65865210963742,-12.19460202334052],[130.02681776388079,-12.327285836392043],[129.6517609159314,-12.668699127686622],[128.82768014025598,-14.262526937589104],[128.49038985553662,-14.20512018032101],[127.7167471669395,-13.479897506859972],[127.02852261346928,-13.21866998128128],[125.84166065970958,-13.396889202573385],[124.81877764714277,-14.007084693770677],[124.38675906369069,-14.699206609132107],[123.93362901524293,-14.915600306527189],[123.79284766974175,-15.197763455629655],[123.83933302261255,-15.642051890985543],[122.69980670110345,-15.91030135993065],[122.16336724512905,-16.423270111034707],[121.64854425280816,-17.092511199732765],[121.61991330148625,-17.932226670149184],[120.76780371073491,-19.064908403233606],[119.54918239339337,-19.496750564271323],[118.9255791088479,-19.443625972482657],[118.53990152987504,-19.757900991638408],[117.97757760016559,-19.834153857647035],[117.54228296761882,-20.11925751860868],[116.68085711737419,-19.996039594779937],[115.91542106194764,-20.374531105464147]]],[[[132.74260391483347,-10.437856699417969],[133.0009893730995,-10.18347041112591],[133.15564963150774,-9.646597255177301],[133.93537581301487,-9.411500463826615],[134.22306902106814,-9.041487836604404],[134.15187736762334,-8.628087119839341],[133.610040909386,-8.151244558939117],[133.50582542873627,-7.356975983194747],[133.64794947468278,-7.174659748292424],[134.235607617625,-7.40431716257236],[134.84000112466117,-7.295768312944198],[135.34590327403666,-6.670260490411426],[135.41080685422168,-6.178910854462908],[135.07638181519005,-4.987414144146034],[135.80495733187306,-5.046912124008698],[137.52105553500002,-5.7220176335394815],[138.03901545406006,-6.748658780422384],[138.0268117852558,-7.045018890843679],[137.54022194699724,-7.356037583259045],[137.1394357286296,-8.194057707760825],[137.09475327678948,-8.51056395795092],[137.2721353967967,-8.836365229115625],[137.61604206806862,-8.975430272334506],[138.94585875072372,-8.953004896487533],[139.7284338633828,-8.69984504968171],[140.88010770025917,-9.715756425578924],[141.69018407924455,-9.738020053688931],[141.44556197623209,-11.61477198177876],[141.0496553269662,-12.452667730537282],[141.10321766943517,-13.262776094156182],[140.91855949005503,-13.894688040753746],[141.09781951412978,-15.06496330932631],[140.42193151627288,-17.05055091053541],[140.12287486259063,-17.13402288566742],[140.288265222,-16.41766458494764],[140.01716720443807,-15.979913733468077],[139.19220902926654,-15.93704892484477],[138.74096426524494,-16.265433635789147],[138.46584055007486,-16.199247444566655],[137.17250811484357,-15.030311813333574],[136.55458662238647,-14.968779501419835],[136.2753624598533,-14.789626706634992],[137.1494179969473,-14.79887288597174],[137.5197354785267,-14.247117115846892],[137.4338331107838,-13.59026230859849],[137.13221532888141,-13.272400953252534],[137.18954696407405,-12.859099584496228],[137.5336508100415,-12.343854567475374],[137.172098954039,-11.702928287257308],[137.2872305310216,-10.990684195842698],[137.09988713577278,-10.615007968407337],[136.49540615951628,-10.536414249408477],[136.09878671084064,-11.039581302886619],[135.3836474591766,-11.467087437054518],[134.47908970644949,-11.448375541356743],[133.6713066827424,-10.940352520866757],[133.29340492336112,-10.936551901404316],[132.74260391483347,-10.437856699417969]]],[[[112.83462004913235,-6.382328754101418],[112.82945123529898,-6.379696794349023],[112.85096750712412,-6.37540373971112],[112.83462004913235,-6.382328754101418]]],[[[114.74860130063728,-6.6096086382066686],[112.92703844144503,-6.3499330750538805],[113.20915512123325,-6.090591214582424],[113.27384649356863,-5.687947789454221],[113.11249801638881,-5.354978271337357],[112.77671298893173,-5.199574132335613],[112.41845720381296,-5.29206642126908],[112.08440309100749,-5.634633064951376],[112.09520798931801,-6.062979901241322],[112.36472001957546,-6.334659910221927],[111.37442559265519,-6.086323546219405],[110.55523689389575,-5.296887839049031],[110.20096298691121,-5.337902203253722],[109.93463620362462,-5.601115658325035],[109.90532533654769,-6.017999131061274],[110.08943455330667,-6.3057182596083265],[108.99175716773748,-6.29342840926376],[108.63297790481022,-5.768771491098244],[107.7206366229202,-5.642099945130154],[109.62259576110586,-4.790001160431164],[109.70706510945347,-4.230832220578135],[109.25374070627885,-3.8927464924070065],[107.05461813932811,-4.729436878471244],[106.80502130202723,-5.003353096336558],[106.80269734766574,-5.4209170690530994],[106.38207332333573,-5.4058300564173605],[106.47258539384327,-3.6570844389052763],[107.13305695185834,-3.5137091243007252],[107.44121806388802,-3.7545887968716873],[107.9999850775372,-3.7895125213252614],[108.48450584545697,-3.6127944808357704],[108.84371160589346,-2.8479587358106095],[108.52170752480522,-2.241190773826295],[108.94538620708676,-2.2266699102124505],[109.3749935195861,-1.9763513141306002],[109.65876204773916,-2.3897353418625094],[109.75004658912259,-3.2008004158906913],[109.98718955604804,-3.4785947601726943],[110.61372777334611,-3.6285811955589358],[111.34568485856147,-3.568604924271903],[111.51132994094033,-3.955832444632775],[111.84667625392701,-4.118903887522798],[113.10768173405457,-3.765287027464761],[113.55352633981465,-4.001102005760879],[114.07319633089531,-3.919951179748874],[114.16387744435985,-4.412343941061479],[114.41960029054782,-4.676735569825575],[114.7847760203471,-4.720824046648485],[115.3317615179759,-4.4907858471068325],[115.28835243846741,-4.999726331209516],[115.6374589854313,-5.313186593183934],[116.27632559793791,-5.137136275825748],[116.36532247620353,-4.543197536871034],[116.75092725032083,-4.2284707523597564],[116.8762098806539,-3.888491454608793],[116.70992375673838,-4.693249616365505],[115.83301265114623,-6.43567493543518],[115.23439080145683,-6.2965390023130166],[114.74860130063728,-6.6096086382066686]],[[110.78120865726675,-4.875255403100208],[111.3499293535715,-4.651574172447909],[111.36091483095781,-4.040545660316036],[110.54068756890673,-3.697143877937367],[110.05445986939502,-3.7561703176238597],[109.81433771070449,-4.101918413873711],[109.88902652720154,-4.516191244077267],[110.1321776917342,-4.723165628021954],[110.78120865726675,-4.875255403100208]]],[[[100.69048751183853,2.973844446375296],[100.1014313648647,3.604182657903431],[98.82375912430228,4.4636522751264565],[98.01578516426727,5.539104064782979],[98.63967726518761,6.373378472015968],[98.85892831477436,6.093105702075045],[99.24014363743215,6.010105016913547],[99.71417708844646,5.652449021432727],[99.65772522694351,5.100992620850046],[100.0633733602488,4.563459789698434],[100.22132754778505,3.6296576436581454],[100.69266988097883,3.1090787679719156],[100.69048751183853,2.973844446375296]]],[[[98.82514711450112,6.991053277812912],[98.78101622183722,6.958560279416353],[98.75128930175218,7.042476804945039],[98.82514711450112,6.991053277812912]]],[[[116.83499609418227,-3.033266551042691],[117.0844948746269,-2.55991253678468],[117.46611152358982,-2.8001843606041863],[117.29288880468422,-3.30890559638796],[116.92276151615134,-3.756461489491314],[116.83499609418227,-3.033266551042691]]],[[[-13.836963959477375,8.935426328367289],[-14.27323678268599,9.122245306072918],[-14.580679152770779,9.451471327039513],[-16.09899799773412,10.020147093734066],[-16.324646059302193,10.543096254950205],[-15.600391206202634,10.588995552901084],[-14.829621520577398,9.815504840653052],[-14.275567141561494,9.50218383168957],[-14.168822281946078,9.18454366301465],[-13.836963959477375,8.935426328367289]]],[[[-16.90923824659848,20.15111294751111],[-16.87394320836683,20.111863906598522],[-16.91892596984075,20.159787437120208],[-16.90923824659848,20.15111294751111]]],[[[-15.722063989748985,24.705684015191945],[-15.499027897341985,25.05988935177222],[-15.332165112909825,25.17668952505793],[-15.380078994304604,25.010627411604606],[-15.722063989748985,24.705684015191945]]],[[[11.666502564485691,35.46659092973154],[12.503888764115729,34.94987799922509],[12.492860107078643,34.59289997365197],[12.118728144372607,33.87639458206129],[12.163841663802609,33.46763162640409],[11.606315295685734,33.73869157811528],[11.44284168226303,34.195029279129166],[11.83363950390642,34.60804523956914],[11.666502564485691,35.46659092973154]]],[[[-1.7124067951513164,45.204937393437326],[-2.2559551738041295,45.6008035331663],[-2.675752842936974,45.68048873931937],[-3.300053570358569,46.77382755402414],[-2.9303211350291893,46.769878291120634],[-2.7312312706879163,46.28832511396122],[-2.0469952168681984,46.00557997281524],[-1.7124067951513164,45.204937393437326]]],[[[-5.736549852616864,47.831302734946064],[-6.467723870994387,48.10408879330952],[-6.970044598997209,48.112930144473886],[-7.368765316638278,48.511327623780076],[-8.282060717212264,48.82613199921576],[-8.016167795326542,49.375133871956116],[-8.367047663682351,49.81732175962495],[-9.254299879028112,49.94779993890113],[-9.885861448390362,49.74350434038825],[-10.199768587462739,49.306296497284066],[-10.441457208680823,49.44067331348336],[-10.225893281326428,50.58319150798482],[-10.643356089708004,51.17987708321168],[-10.615182730899717,51.27854117983542],[-9.898045399123088,50.901239414972665],[-9.258484743332057,50.93156395447802],[-8.330086962553963,51.099081181676105],[-7.4192045682027254,51.56147716695068],[-6.111195457540886,51.69462151087348],[-5.477201896292254,52.76790914020894],[-5.545279506215908,53.67380418731483],[-5.280041745625888,53.814416330731994],[-5.132595388998355,53.634222210560544],[-5.311506748128332,52.82787565487942],[-5.235292903078837,52.50887490012719],[-5.681102070046557,52.30255515469586],[-5.838862547421623,51.90833570609955],[-5.695479441922714,51.411835325844834],[-5.214762160472832,51.05320654782418],[-6.08454520491769,50.449587269954336],[-6.429049704752644,50.508477250048976],[-6.722413144440433,50.36810332117801],[-6.894722413153117,50.0323855270782],[-6.8046071364142104,49.64851090751407],[-6.409985929120734,49.37296368732332],[-5.889695278165533,49.53465082980188],[-5.162929823658692,49.409857739308876],[-4.711318035951746,49.69014757945267],[-3.459220084223738,49.709221332334764],[-3.0879732025294593,50.16089585069275],[-2.690364333336991,50.03180109767661],[-3.0329098555398315,49.80597761280011],[-3.125470870737371,49.425601885832755],[-5.469108998170204,48.900353602688114],[-5.681973882702585,48.43498716014763],[-5.458992169261139,48.0222888184541],[-5.736549852616864,47.831302734946064]]],[[[-10.977244600202479,52.342197792415455],[-11.380438133804457,52.93964815325724],[-10.72948186740363,53.54200075620511],[-10.652852838286783,53.13772713522603],[-10.368047185269669,52.89730212896562],[-10.977244600202479,52.342197792415455]]],[[[-9.393618007647257,54.863404137505555],[-9.282843293233194,54.95085452107766],[-9.321377612842099,54.858634725284155],[-9.393618007647257,54.863404137505555]]],[[[-8.82620453702615,55.459221399725855],[-8.43845485986603,56.63599815969348],[-8.627640927540481,57.25643973777479],[-8.089686839541024,57.52231560680079],[-8.023050117998869,56.661409375367015],[-7.522885120048079,56.404161125838115],[-7.027267321045042,55.84748513691664],[-7.481632800183665,55.92772162755356],[-8.82620453702615,55.459221399725855]]],[[[-3.8644539486250347,53.968394101524204],[-3.737729567474967,53.84414246791889],[-3.978113264097593,53.850660759518455],[-3.8644539486250347,53.968394101524204]]],[[[-8.027864418925915,57.98323704610807],[-7.854102057401844,58.0611004649643],[-8.007019063285652,57.890514762509675],[-8.027864418925915,57.98323704610807]]],[[[-6.032381577397485,59.014763001578785],[-5.256999917813029,59.155042270289016],[-3.244028333501534,59.834682649792256],[-3.7421102570981564,59.48386095319347],[-3.9492776684888704,59.07468205490014],[-5.0934812779814305,59.168150028848956],[-5.71433850370553,58.70662832454778],[-6.032381577397485,59.014763001578785]]],[[[-2.597396590696135,58.218206684024565],[-1.9055079835170263,59.03018851111956],[-1.3584138003935269,59.03637292168766],[-0.8436481027781468,59.51241925467511],[-0.23594471392220973,60.41646503637011],[-0.2549639080993783,61.03260937337824],[1.1938844782662528,61.21589614255209],[2.689338195896379,60.27227273891088],[2.7843831180414242,59.46532440580986],[3.4269963260133163,58.15212013366767],[4.46755094612531,57.64457030147757],[6.415019682577366,57.07592400364916],[7.728765934024016,56.98169525422912],[7.545353734562294,55.537180251682486],[7.7807590342589865,55.09826983100469],[7.735080231596389,54.7240915205358],[7.338884034924171,54.28915685461605],[4.737754081126861,53.780519581005315],[4.268988096781828,53.37847017154877],[4.049804229790964,52.68576409474942],[3.538708480697534,52.26032843926621],[2.9842091376545223,51.84202263293849],[1.944091937248424,51.568843400644404],[2.316959721896257,52.41798824173686],[2.1543476003038387,53.03657730857338],[1.5534612097848506,53.418405023004645],[0.7857014427284273,53.51718640355465],[0.3330611363366064,54.480325561877],[-0.28060545383172,54.949343232486754],[-0.8127143474560523,55.09973546184313],[-1.2187812041994497,55.94939032994148],[-1.9877526795273501,56.36112260964343],[-1.280044679412923,57.20382233855309],[-1.2291478088967582,57.61982332747361],[-1.5919872902429195,58.10956356422573],[-2.597396590696135,58.218206684024565]]],[[[-0.06072325719138911,50.19188865900127],[-0.37880249180626135,49.84305911574231],[-0.7401473460627964,49.86919729397662],[-0.9464528820366562,50.145155578416876],[-0.06072325719138911,50.19188865900127]]],[[[14.220186180260189,54.571237848929094],[14.146615604958802,54.840592566733044],[14.672627534335097,54.53309724429725],[14.449422877934618,54.49013188522952],[14.220186180260189,54.571237848929094]]],[[[15.538047890672733,54.69968470243637],[15.699767341700888,55.17526388933919],[15.492670881157702,55.56367811969876],[16.760864284079187,55.779763270711335],[17.582996310039245,57.07116095939746],[17.698458220133485,56.59232306569807],[18.058778058705585,56.377859073534594],[19.303998079668027,56.99352294174473],[19.68615228777108,56.62012522152014],[20.467328234585846,56.72390270658825],[20.403628106503206,55.57806268128138],[19.722730442792443,55.4524188896623],[19.27636949272473,54.93999317384699],[19.0202176312146,55.1530820476041],[18.092435035657083,55.385050610783075],[16.363386923655998,55.06484117756574],[15.538047890672733,54.69968470243637]]],[[[20.90639959336474,57.480337286924325],[20.567654143748655,57.955091657084616],[19.887622734451664,57.941229162677594],[19.786015729050757,58.67764062317194],[19.275417350330144,58.937398848204005],[19.607805447869346,59.60275361374243],[20.88754992243152,59.35504644818841],[21.405622871365846,59.5708551937185],[22.009500211109494,59.49327414583511],[21.550151574798882,59.17687752754368],[21.287234773981687,58.58398224318923],[21.378520345933374,58.00145827543696],[20.90639959336474,57.480337286924325]]],[[[18.010475784747747,58.13048669451828],[17.58318708260682,57.61802427359059],[17.317271917816697,57.85290338151744],[17.453694525671406,58.2103949810059],[17.753411758225113,58.329678460604256],[18.010475784747747,58.13048669451828]]],[[[15.35074886750775,55.64697074874888],[15.351526098984671,55.64628442998246],[15.35007556202382,55.646938501829965],[15.35074886750775,55.64697074874888]]],[[[-2.9221311448231764,59.90921822525052],[-2.6350787589431977,60.10140013660364],[-2.5489082582814833,59.85600657945544],[-2.691518749312683,59.83720257354743],[-2.9221311448231764,59.90921822525052]]],[[[39.33774019667849,68.7128886730998],[39.373585794496464,69.30359499761735],[39.12733906934249,69.62044677907664],[38.76072493984697,69.74975880112653],[40.27346460535881,69.93873660098089],[41.06432866622375,70.67786277971388],[41.37279515784375,70.76144972212923],[43.506368601977755,70.7392923537849],[44.35795745868969,71.32737764339021],[45.29728918115841,71.52721815484718],[46.299640947504095,71.52315190762691],[46.95679518452362,71.8427861255155],[47.521303998659164,71.86367593532786],[47.84114068640705,72.16779499513063],[48.88085799592895,71.86483795765965],[51.022220248630205,72.13195535390416],[50.89310597578783,71.69372336849221],[51.08645969467195,71.3103354786889],[53.112691447400636,70.34932915504737],[55.11211530012092,70.00545001390225],[55.67067189925154,70.1417671243429],[57.03739897623625,69.9530542994511],[57.86311651481274,70.22800510961243],[58.29298714143492,69.62549067888807],[58.22258095585554,69.44390832125859],[57.227359096777946,69.11473889784135],[56.01837180159858,69.1144341234657],[55.69032481815353,69.4321709888937],[54.59210781639343,69.55461233001398],[50.84451607023099,68.97388400494704],[50.64784077174046,69.54513295122257],[49.46838956175644,70.02160381976968],[48.33740909565831,69.90475754958585],[47.98343448785895,69.68244282627683],[47.673531160613884,68.96284656671425],[47.793521708901196,68.54763688233707],[48.202635544727286,68.32819459920148],[48.08374030831323,68.15843616214588],[47.48943397260243,68.01990197758049],[47.260263368643166,67.38908339285906],[47.007572087763016,67.36247325374309],[47.23943078224438,67.91458787600914],[46.79027767101418,68.61968259490095],[45.6761567648073,69.05610280665555],[43.24722246402796,69.21214757415395],[42.884203258900676,69.00580671100569],[42.767232218131895,68.6573576169836],[42.97222002299339,68.23821887624764],[43.54632638962238,67.97986484010558],[43.236163593077926,67.42271333525791],[43.307911463284064,66.97533764269083],[42.573934911114534,67.32018718781653],[42.205509579643,67.25565896350662],[41.92787932826404,67.00888780014147],[41.88148575168239,67.37254638370948],[41.31968143018826,68.15131531928571],[40.65499085000089,68.28958821528364],[39.92845591607807,68.69785585675676],[39.33774019667849,68.7128886730998]]],[[[39.201836000337494,65.59750700545261],[39.21521183413303,65.19699378197325],[37.52007826411116,65.61623636189289],[38.54169622598735,65.50514519245546],[39.201836000337494,65.59750700545261]]],[[[38.205159140244504,69.84236330204074],[36.778378348692975,69.86538147592245],[35.704895151954325,70.21505319553157],[35.51373473690769,70.50885714317758],[35.19554227163732,70.6259338168187],[35.20483015846527,70.85061688398942],[36.165137972620606,70.8605100037427],[36.989456210267214,70.60041728074948],[37.289078312570766,70.26047792286698],[38.205159140244504,69.84236330204074]]],[[[60.16817418684925,70.58791199082258],[60.25883709495563,70.64932328140783],[60.72828769536552,70.6737669486129],[60.56063550574003,70.41982135700557],[60.16817418684925,70.58791199082258]]],[[[63.4766778481874,70.16735411960337],[63.42963984569717,70.64780547475098],[62.93316267141388,71.133756157728],[61.920098853868694,71.35625106163715],[61.232762508380894,71.07975073221571],[61.18878540278149,71.49039848047217],[60.89566606594918,71.78007417844877],[60.04926204287902,71.70991946881429],[59.68341832065827,71.83628935843824],[60.28500291592937,71.94179908279972],[60.55055075902676,72.33754067180759],[63.509935031966414,73.32467658557685],[64.03154278916794,73.76691880966416],[64.39334875856575,73.66640173527877],[64.79475197782858,73.80008317243919],[65.1313615123169,74.21332932647037],[66.56285735172251,74.02961069778455],[67.44198456067589,74.4304719233327],[68.23418561758308,74.41642754422804],[69.46010747541365,74.85331081557288],[71.33110472076397,74.90704775796281],[71.80613524731069,75.31119476446055],[71.9078306690907,75.63807051339306],[72.45306099245018,75.63093850171487],[72.99316249782645,75.83315453622414],[73.26586530310007,76.13588229535921],[74.00622682516348,76.38063065157175],[74.26496717079034,76.65815399302501],[77.52783375625857,76.78357809519474],[78.82382744531493,77.35029848815377],[78.98848717539651,77.74274323124405],[78.86062403873765,78.28732254865805],[77.74633207490557,78.61721980802153],[77.5294458812775,78.95577437989186],[77.88754243169501,79.03195215832734],[78.10523465944783,79.26205256321687],[78.15991653822725,79.5740557594945],[77.99690443455938,79.90358696859694],[77.71572698832586,80.04944767641058],[76.10036659244511,80.19632469481289],[75.56248158178506,79.90010527325221],[74.95445625798361,80.04357120657265],[74.95160509761857,80.88304773726435],[75.32885240083716,80.98691756706164],[78.47894341104153,81.07959502273239],[78.50948541271043,80.54908383949827],[78.95753711963769,80.29286210591538],[80.579302311276,80.40884996678685],[80.96296330763849,80.78093659874631],[81.72923298457674,80.4914689719877],[82.12472428948284,79.85971290355631],[83.07714627933323,79.52714688689376],[83.22321217082418,79.09032190961658],[84.01627610740698,78.52326843947688],[84.9791732139917,78.83822627186443],[85.21574724681656,79.07663339361251],[85.93289261573773,78.9596908329672],[86.86342041804495,78.47305873233357],[88.17187116964945,78.36758040205582],[88.93799311478688,78.47571756229598],[89.38026614345358,78.84555181550857],[89.23512844549678,79.48799880825631],[90.2463788796634,79.5177168466776],[90.55452066329842,79.06831813431452],[91.68786240930645,78.87814243143114],[92.09512146010036,78.58676960506983],[92.82222951104386,78.53562452936443],[93.24089049812294,78.88960267706791],[93.8969451067079,78.91587642335692],[94.73286122729898,78.52469571611208],[96.46466780868609,78.38321239323675],[96.73022373838096,78.11111021499062],[97.90892142339327,77.65614934310024],[98.76415531087811,77.82336745280783],[99.08404863160789,77.52335939619988],[99.85002318511458,77.4026263173182],[101.2669833568248,77.64494996166053],[100.54743631767322,77.3273849931789],[100.34766821499136,77.0788822837699],[98.7513071002119,77.04016395392345],[98.19670496409061,76.72069146835594],[97.96669722394023,77.19682852557541],[97.11612611775548,77.30115669347039],[96.74646184302614,77.67119762418307],[95.12334950035611,77.54546572604372],[94.50403146349211,77.10567804972402],[93.6285424411966,77.08354151764964],[93.32112605219876,76.63683017797176],[92.429482307884,76.34534341131759],[89.17560880260785,76.05224604912866],[87.88683986084871,75.65590624023447],[86.89473534609824,75.69866285703327],[85.79575210996107,75.28707232780847],[84.91219232020698,75.27373303961588],[84.6170786979635,75.02367206695091],[84.10015376498943,74.92720822809923],[83.85272403167227,74.58917065763906],[82.40731976257808,74.69257580627395],[82.7754997358923,75.06784898540052],[82.83893795025462,75.4057439968875],[83.44046558033335,75.41210710357092],[83.74268292805412,75.62063833079169],[83.84083654149725,76.0260647250331],[83.62623798095913,76.38376872388477],[83.25001781099161,76.5122791202398],[81.45492683119794,76.47158557686916],[81.06061458706074,76.12300726515468],[80.95824878968257,75.23113694325339],[81.21008720783405,74.89005548582851],[82.00773468664387,74.57070160496804],[81.77076455854068,74.17595252293188],[80.28020641810868,74.06537095843595],[79.70740085993103,73.37578164238722],[79.10952420296894,73.64769827902296],[78.09832159618058,73.09790055036169],[77.28412524534977,73.10596776259307],[77.27513114300197,73.6069206133985],[77.02373119889337,73.93555402799063],[75.55487243784722,74.09961432828194],[74.80716575773383,73.64315911082124],[74.35255554273006,73.67070993396388],[73.740712368684,73.42976452220996],[73.56172746558033,72.89204699668646],[73.96338142419847,72.47876451302251],[73.41813592980797,72.36161118914494],[73.35560312956703,72.89286166884305],[73.16861280029852,73.14863514843921],[72.18994004234206,73.371725632499],[71.49424642504432,73.94478427500397],[70.94914613195176,74.06748266584961],[69.86636639469492,73.94566890864047],[69.4457813518737,73.5243384737566],[68.61353192718884,73.10986386049018],[67.99530256667259,72.15054330919153],[66.71595714589645,71.8085740848784],[66.19750127804765,71.4094317681907],[65.8473428126191,70.62419897977126],[65.96892218596848,70.28537456849106],[66.31924302614496,69.99519937768146],[66.24582727594202,69.58918355065119],[63.4766778481874,70.16735411960337]],[[93.35817878552193,78.66979044369337],[93.04884229003812,78.25293648975902],[93.22414516791058,77.76434137378],[93.94905905456473,77.6077469412863],[94.32900642341001,77.78833985483537],[94.47018128858613,78.18462694894657],[94.28999107868431,78.56476546550617],[93.72706928624072,78.74173645239756],[93.35817878552193,78.66979044369337]],[[92.51382097748821,77.24785676478585],[92.65430004927524,77.70308404939072],[92.38666163445724,78.0972108426598],[91.77332019394622,78.1707871282678],[91.38622279299364,77.89760079092461],[91.33749918498204,77.47629738089964],[91.6030158107836,77.14558379681321],[92.15160656938548,77.0579706112281],[92.51382097748821,77.24785676478585]],[[88.60965139459181,77.62767105498655],[88.23502509994532,77.42471608284177],[88.11397947905154,77.06963723236635],[88.24876355176671,76.71954255069461],[88.62150419416189,76.47107407979834],[89.99011035596719,76.68853617172579],[90.33175471817759,77.01681524069181],[90.2615941763406,77.53440150792407],[89.79187704981226,77.82948878784252],[88.60965139459181,77.62767105498655]],[[79.60684541254268,74.05179994142024],[80.11988156630746,74.38567162371962],[80.04241484326218,74.94679005821676],[79.35083451020787,75.18281374810893],[78.80227348718117,75.03508943521065],[78.60180165215067,74.66629716442392],[78.71987631932959,74.26348819158058],[79.03459711308594,74.0698606334787],[79.60684541254268,74.05179994142024]]],[[[73.30227463331009,70.56652359018204],[73.44602240975355,70.64552930496795],[73.30889313056191,70.53935874983377],[73.30227463331009,70.56652359018204]]],[[[73.1964718369311,69.26434166033786],[73.23780264091803,69.26110353714073],[73.23506647375191,69.24691765402339],[73.1964718369311,69.26434166033786]]],[[[73.75119838435882,67.90329235487317],[73.9935229261856,67.95242044946899],[73.73941318744097,67.82965106418504],[73.75119838435882,67.90329235487317]]],[[[76.37177868282704,72.59895757228402],[76.26563291333852,72.50835763050458],[76.23634341134341,72.60478189632698],[76.37177868282704,72.59895757228402]]],[[[114.13583191185936,75.0493382143493],[114.41937803021611,76.00370593395301],[113.85168426640287,76.74151020809859],[112.6962146315008,77.07560334245359],[113.37890748246484,77.15575829429787],[113.6875061701846,76.94088426129635],[114.09851112998636,76.95399844504233],[114.59226347865683,76.61602145093508],[115.03124746366385,76.63328860815133],[116.03717704467113,76.22875656606716],[116.39197534906891,76.35151087371123],[116.85222387462143,76.89863962323352],[118.55007611298869,76.70193722976413],[118.7802731044185,76.41543300552395],[119.32830469508282,76.18100414722552],[120.75991836114538,76.26608627691965],[121.060345103022,75.86747119092594],[121.79329492006998,75.73001074362169],[123.87150992709634,75.94965535451743],[124.38586283800726,75.69159513343196],[124.90867489041834,75.69520102842885],[125.48961305232102,75.99878452117771],[125.72059224123218,76.4508276280099],[126.01683619022606,76.49372815289776],[126.70491662449007,75.81616357541402],[128.30993106725975,75.83310680260851],[128.6983939628255,76.11395863446162],[129.74312013967338,75.89742191689022],[130.6968594326635,75.48983889830323],[131.68223441874187,75.71700505064598],[132.29871614502628,76.32716201367919],[132.55030641047588,76.12232378702178],[132.89709346731524,76.1016255035686],[132.90152993380758,75.39889441530443],[133.2526833607873,75.07722329749876],[134.2439088323762,75.37390849282932],[134.37706832167697,75.03326111066029],[134.6895277952167,74.83108355578784],[136.06509132061265,74.88133899418408],[136.41025381795296,75.04889855052429],[137.75470903603977,74.31444313369671],[139.15375343966014,74.10293010967796],[139.68328800985557,74.35149390147437],[139.628447521923,73.94994398229],[139.22680252373434,73.52126115562616],[139.3839865710685,73.02388902155472],[138.6861440375922,72.61110733743699],[138.54329760080822,72.17549580690729],[136.74198017377844,72.00699357468669],[135.96654447106962,72.18451936982916],[134.5223367994184,71.95166036702976],[133.86978791418449,72.03847285302913],[133.65006507872536,72.34145892419376],[133.22869143073873,72.49676260713643],[132.67834115880112,72.49481830827199],[131.18197446296696,71.34020691961655],[130.9108935139887,71.5088774023292],[130.07921308079926,71.5983169334439],[130.11023337924254,72.29608054277725],[129.9080505291806,72.65921757545351],[129.98956684988212,73.09467299990158],[129.8211642235664,73.42878940360345],[128.19139530510424,74.02624092032075],[125.86486524240314,74.03205080890108],[124.55952882018275,74.49978100728033],[123.12980790822739,74.15762045598044],[122.79822376638494,73.86510695479414],[122.67437996858418,73.48874428850777],[120.63741550964667,73.51688600946191],[120.10502977383307,73.71181168336612],[119.52589443025694,73.64195114991105],[119.24673951941315,73.98168022995526],[118.54657310865888,74.13026367371879],[116.66285256626327,74.21078825468085],[116.55032308775762,74.67175490412622],[116.0284475585668,74.92833432177072],[115.51449551094585,74.73608159314028],[115.35601444700666,74.25737765444183],[113.895693252215,74.10329709599037],[113.9724729723149,74.48154376118198],[113.7571187093916,74.8353285362857],[114.13583191185936,75.0493382143493]],[[135.40988332375954,74.8062557285086],[135.054954386645,74.72068817150091],[134.8509042465527,74.48131688498574],[134.94936287730195,73.88659958069154],[136.13662659169918,73.39798957961571],[136.6423949162571,73.5270743516542],[136.81944156613088,73.9121648600759],[136.67007418672787,74.30881281718433],[135.40988332375954,74.8062557285086]]],[[[144.11420321858242,73.2060797966062],[143.7551467148092,73.96877204926935],[142.7595377403674,74.2908686586265],[143.82042112638774,74.40911446371601],[145.57760517607457,75.00013996559443],[145.90751260880523,74.71540792145817],[148.10385503105502,74.25778837005112],[150.6621981087495,74.34605726435092],[151.3597373968677,74.76665814797065],[151.49167120504939,75.275416674339],[151.0297544298785,75.68762175544987],[148.84752126269495,75.75839407189599],[148.44584191192706,75.96976558271587],[147.12363798755106,75.92778284450682],[146.42518360501498,76.14663662683333],[145.86013599150579,75.80263517505966],[145.5108841747185,76.05347085897085],[142.64975571792232,76.40451999133846],[141.343686887743,76.73344663290776],[140.4938660076468,76.36370802530806],[140.742041981879,78.22297040865014],[141.12109418994584,78.3758848068033],[141.29200236464084,78.76241892130449],[142.6173866457178,78.63792997451522],[144.07166858043513,79.11519839952078],[148.3676493907709,78.97359205664934],[150.39097449591475,79.30761863043568],[152.02472499421532,79.31665486106782],[154.5114896228179,79.0331955310733],[154.45977121149073,78.45867636131246],[154.8954733062193,78.1072557463916],[157.38857260105732,77.93685390346495],[157.85549359155206,78.18801385834277],[158.22294657871106,78.16380267656152],[160.4625259025067,77.67426372439594],[161.43174283484143,77.25062317842459],[162.05726817640263,77.38898555222187],[162.29024955618192,77.08487774017529],[162.8220654946968,76.87209009300753],[163.0362419899879,76.54041453704862],[163.9849780476272,76.09557574725471],[164.4605124395914,76.14992434380659],[164.8067586370173,76.6536755338713],[165.12271612326313,76.3072044993562],[166.01184428079213,76.14470072436458],[166.59428674122705,75.84482672032497],[167.58947038475432,75.81812915411065],[167.80784784294667,75.55025624044264],[168.821613528569,75.06681081242878],[169.97597181456072,75.22467917257762],[170.2333984873534,75.41779709164865],[170.33809216960998,75.76918276800802],[170.538068495749,75.75991400128112],[171.17548354194693,75.38475327017636],[172.07289710356255,75.54899176912116],[172.49542242835372,74.83350658767054],[172.81596364993229,74.62837681071086],[174.3501664084753,74.87479673484496],[174.6938527227743,74.63803343051956],[175.51385963597005,74.64155763319818],[176.0077650583974,74.33586547355459],[176.24824204393278,73.90429250954344],[176.70071671231665,73.80749958191338],[176.31090496635065,73.60004022232997],[176.16946613110846,73.19847364055477],[176.3570230950437,72.81626551794002],[176.76990616309138,72.65563269063108],[177.28464196661656,72.76821665003112],[177.5456341896778,73.10749663978234],[177.4843429934447,73.53113710197681],[177.05737158214583,73.84112738636505],[177.34451479430652,74.0908574361273],[178.1099964750391,74.11002853904017],[177.84409360729842,73.5096353969553],[178.11710500634683,73.02102851111238],[178.92506192809068,72.84359756864492],[179.45,73.38328471652548],[179.45,71.92578173872776],[178.3430692207512,71.52489078847199],[178.07243895100999,71.03635699370129],[178.55142987015103,70.3110390949725],[179.45,70.35040229660444],[179.45,69.788290199141],[176.1650750703732,70.44250771203747],[173.03695969728042,70.4467555383713],[170.5210251467102,70.69062170738907],[170.21491851718622,70.62304563864058],[169.79119172648478,70.2510718740269],[168.24223312304622,70.57365790981153],[166.82050096163582,70.04879280953374],[164.91283890708235,70.11500770407447],[164.05742122950278,70.3229901042415],[162.88268802564988,70.27594687451013],[163.0322589718503,70.69958672508133],[162.84260452805853,71.07125833550532],[161.73881183689116,71.35715077618663],[161.11342335900136,71.22862803927015],[160.35380955740345,71.46157887856894],[159.91084749902865,71.148093066756],[158.04353792635953,71.59481196384426],[155.95025641279562,71.64917600639613],[152.57639639580978,71.34681619305084],[151.68226094582928,71.84936286558191],[150.60444861186298,72.03820708565837],[150.41802133633715,72.32354249245795],[149.8613245654075,72.65357668172143],[144.11420321858242,73.2060797966062]],[[156.77368195547052,77.64349117904689],[156.29064139786635,77.61014116047221],[156.00944764621113,77.36264190396277],[155.96510777126048,76.93949755309633],[156.23588859958278,76.61132852775434],[156.7711058926147,76.54693181083],[157.16641208820363,76.85236297238035],[157.17190994521286,77.32695079040894],[156.77368195547052,77.64349117904689]],[[152.88280503043867,75.58452495209053],[153.3791813979887,75.88152018799315],[153.35293148214382,76.46808943075271],[152.95516274854685,76.7357467099319],[152.26502592358094,76.60678491539699],[152.0186468805956,76.26172023861383],[152.0909336339588,75.84393214726364],[152.3863947607589,75.61578576588091],[152.88280503043867,75.58452495209053]],[[149.25876557153265,76.08377597679264],[149.9649737416263,76.5665636618623],[149.9759522102551,76.94065146264106],[149.74502558082798,77.23515969900527],[148.3574087659462,77.17427316747298],[147.96605776837285,76.92189130399373],[147.89459669916448,76.51132332407808],[148.13155096467955,76.16850350755831],[149.25876557153265,76.08377597679264]]],[[[160.64093341753573,70.25449898268741],[161.11447877519424,70.38046257285121],[161.9328065393667,70.19671210670695],[161.18119457126113,70.0982399042513],[160.64093341753573,70.25449898268741]]],[[[99.9641982989119,80.39193380422243],[99.53245696141383,80.52338901754393],[99.76918373869806,80.5274092912616],[99.9641982989119,80.39193380422243]]],[[[90.77092295438008,80.60358948780491],[90.48345008665623,80.57400049560125],[90.33921541407085,80.61335539653176],[90.77092295438008,80.60358948780491]]],[[[92.14364947369319,81.19616022015248],[92.11743922631821,81.21964454310617],[92.1128943905717,81.24183716915768],[92.14364947369319,81.19616022015248]]],[[[89.34619712493634,81.38139675726671],[89.3598676816898,81.30257711605336],[89.14797538905408,81.31532677874517],[89.34619712493634,81.38139675726671]]],[[[57.10860881903316,75.94463613503969],[56.368805531674006,75.65282735328812],[55.59720862391322,75.64618849672058],[55.168943258399096,75.93765091717407],[53.76409123595972,75.8164838089429],[54.89747827858505,76.27893444913089],[56.43306252787759,76.59032658684079],[57.088032901959295,76.28265942287261],[57.10860881903316,75.94463613503969]]],[[[52.27993596954486,75.08641884301973],[52.22999354836725,74.95831152134517],[51.69383143088666,74.92563737467975],[52.27993596954486,75.08641884301973]]],[[[19.177218719404518,60.57314322753553],[18.563829115495,61.02572447143754],[17.78813238318343,61.106894192868886],[18.01697284309226,61.457734898588704],[18.014731912983468,61.817178605703084],[19.017766402228663,62.63016899733299],[20.545311347586885,63.15734022019051],[20.523167492600933,62.50247039430624],[20.878275942235646,61.56667992759389],[20.637105396132824,60.87845277119212],[19.763126818128004,60.947052647870436],[19.177218719404518,60.57314322753553]]],[[[21.611071119086933,63.84592348627572],[22.107441816582135,64.22525083146124],[22.102929771350716,64.8833309280677],[23.40571126710406,65.2461919015732],[24.050114183970408,65.23554677226615],[23.437161775614978,64.60402602708676],[21.611071119086933,63.84592348627572]]],[[[16.12258476343471,42.47007077990515],[16.113226512946376,42.47014653940053],[16.122535738714937,42.471235963319515],[16.12258476343471,42.47007077990515]]],[[[16.002766804223437,42.47104076335865],[15.552635678519454,42.474684789235155],[15.68504596471002,42.61882569453747],[16.002766804223437,42.47104076335865]]],[[[14.335141994440642,43.33055558441704],[13.972071825672082,43.97930821841491],[12.908094177338796,44.5679247739759],[13.07520757830502,45.06336290666757],[13.517325694954815,44.38045531456559],[14.11268733886625,44.08369701792558],[14.740460869241076,43.515951416624006],[14.335141994440642,43.33055558441704]]],[[[37.12652653941338,45.92296486123235],[35.869684079958134,45.98411420448283],[36.877250245206994,46.09809491772358],[37.30653085657576,46.31967282694909],[37.38247818218039,46.22220451976738],[37.12652653941338,45.92296486123235]]],[[[31.933420345609463,45.3736516733669],[30.86529468304003,45.12632226112995],[30.263193984823147,44.407539538793],[29.15985835205543,43.925360455047745],[29.311862920705387,44.201991037497386],[30.030269955575147,44.49313616640152],[30.30347058170857,45.268931936028125],[31.08245402108628,45.98318272040191],[31.3662051638673,45.756157075482434],[31.976791905572238,45.625825067588046],[31.933420345609463,45.3736516733669]]],[[[-179.45,-78.46952129335224],[-177.3233271847294,-78.63721424757173],[-176.93031915083148,-78.81948351404618],[-164.85776056205555,-79.14688377201146],[-164.70342595462785,-79.68792647354334],[-163.9358727228217,-79.90542130565376],[-163.58382151791798,-80.30131181052882],[-162.65828324497548,-80.36410443289873],[-162.2661177411086,-80.1675161883938],[-160.68638303391867,-80.40394886372616],[-158.8720576727273,-80.31370831214966],[-158.57990270095274,-80.17374186000816],[-158.40448747108744,-79.73029788214315],[-158.59794632540965,-79.34972633432245],[-159.34471346152583,-78.9292039194248],[-160.27111533394378,-78.6944784697577],[-158.67064210613722,-78.43311964500806],[-157.0637496184494,-78.78669005427481],[-156.80557866159234,-79.13864253515828],[-156.13310823779932,-79.32313984986773],[-156.3985222633485,-79.8842754017719],[-155.98033460686608,-80.3330850506173],[-153.74472744932083,-80.55011444687355],[-153.37216536284677,-80.1928586948847],[-153.4581088066095,-79.68652189122999],[-151.28752049562152,-79.95375399204757],[-151.5546121606414,-80.51338927388805],[-157.223965060986,-80.7315092625454],[-157.59298834341183,-81.03117302937936],[-157.5700605662184,-81.54401129984625],[-159.15317108686293,-81.25645317910963],[-159.4937468208945,-81.58536985649988],[-159.45254523116415,-82.0570481793856],[-158.38409735601465,-82.577430069281],[-158.83200074903147,-82.655894577758],[-159.08644083896874,-82.98187020888444],[-161.02806851250742,-82.98221165122055],[-161.4266572645932,-82.4949526947635],[-163.767881510495,-82.29866141733798],[-164.16500728581858,-82.4256832643449],[-164.48509032544112,-82.94874453432874],[-165.0351625630916,-82.65446281043458],[-168.64026449264176,-82.68441340984896],[-171.84190371307028,-82.29527769957465],[-174.39145910404883,-82.2293377305752],[-174.73667860594705,-82.36931053654979],[-174.91351281025095,-82.69718025929261],[-174.84084077016715,-83.06253989785893],[-174.5520000671902,-83.29778432224987],[-168.89043940615866,-84.08204381217513],[-179.45,-83.81645537142103],[-179.45,-78.46952129335224]],[[-162.9649275444169,-80.72060410617358],[-164.39326418338442,-81.02942856738764],[-164.53917704203263,-81.37232691190623],[-164.43300509086498,-81.7295346298768],[-164.12348909534205,-81.93706700206948],[-160.38555601579543,-82.1229327476483],[-160.04095108607876,-81.97791197401885],[-159.87851766044662,-81.6996685458651],[-159.9483451528981,-81.28079989708546],[-160.29569352505555,-81.03651331949241],[-162.9649275444169,-80.72060410617358]]],[[[-157.33444547061487,-81.76133245660577],[-155.38060284026326,-82.03774500690191],[-155.26415461976245,-82.29258128182809],[-155.7197417046039,-82.4995666193798],[-157.61994851960193,-82.55509849180952],[-157.29885373097025,-82.24573934990283],[-157.33444547061487,-81.76133245660577]]],[[[-67.87004134749003,-72.34230204922417],[-67.70047335872738,-72.03726576685119],[-67.56560838187686,-72.12402620482422],[-67.87004134749003,-72.34230204922417]]],[[[-72.36576747539111,-70.3099306302432],[-72.30191939977982,-70.55310553294511],[-72.65367028157262,-70.52226187617609],[-72.56832095428484,-70.46779773357328],[-72.36576747539111,-70.3099306302432]]],[[[-60.51120837460709,-67.06330412083484],[-61.0094453590191,-67.10404583318743],[-61.297368337948036,-67.32995293570643],[-61.37128551892723,-67.73911117145076],[-61.17295863116262,-68.05771048720707],[-61.50352869006006,-68.44250553681007],[-61.641155614563104,-68.89386603098231],[-62.366628361116675,-68.63751729568895],[-62.37812120317867,-68.17808580780824],[-62.69068444534995,-67.90132152782365],[-64.20743283713863,-68.06780232939518],[-64.0412260794519,-67.45041483666105],[-63.492654149822386,-67.38075235651013],[-63.21049671371764,-66.96702896243946],[-62.639386066373575,-67.27452365012455],[-61.30721949525112,-66.80162883051638],[-60.69010806306613,-66.79870548272325],[-60.51120837460709,-67.06330412083484]]],[[[-61.817898365934305,-75.36043789061365],[-54.46068676505757,-76.84270827848498],[-52.893265182303246,-77.37221127131238],[-52.095649595735786,-77.40039906637982],[-51.38823753582993,-77.61702124414147],[-50.281083185179355,-77.49176763235583],[-49.956209081043106,-77.6471372739705],[-49.999773862521124,-77.88718125742342],[-50.78505746070567,-78.33264260100786],[-51.28907374225292,-79.2865766259353],[-52.151673700465125,-79.54400518998281],[-53.521899069244604,-79.56980410178413],[-54.721956101315925,-80.14855404385165],[-54.90535758245254,-80.42259975662428],[-54.91621979928874,-80.9498518499947],[-54.26624517277715,-81.41708498198751],[-49.74636277355427,-81.33851845695743],[-43.42747747358517,-80.74002603004132],[-42.72754274901599,-80.31847577645986],[-42.40175422886739,-79.6509876149133],[-42.44526358551159,-79.27457224019244],[-42.91826521134223,-78.67613370346646],[-41.00100333939345,-78.55289600475504],[-37.26626720474519,-78.74032753469407],[-37.464994317874485,-79.34020638393741],[-36.891154273992335,-79.82284999388001],[-33.919328635287975,-79.86258800161876],[-33.56914173001106,-79.73880305902927],[-33.13999354203468,-79.77128021848603],[-33.080224383013615,-79.93039859007865],[-35.41214876349228,-80.06796348080717],[-37.24337072753531,-80.53143768453612],[-38.88426555968596,-80.31749521426126],[-41.73301849928735,-80.80959751422388],[-42.1800732548094,-81.1012911901916],[-43.38840881884023,-81.38313494884503],[-43.81101979542668,-81.75224746627808],[-45.429471639102964,-81.94678853965532],[-45.6478776918981,-81.66539808189184],[-46.26759661056397,-81.35988579443246],[-54.38526771900813,-81.64778301709289],[-55.40153922553115,-81.95637760916281],[-56.062774243012456,-81.94689408363966],[-59.534123918781255,-82.9072296825378],[-60.43871081932345,-82.87208358811593],[-60.482411712441056,-82.73786504800212],[-60.11932975156154,-82.64244016087369],[-59.88356804363338,-82.35597939651457],[-59.86767955999467,-82.03669166289038],[-60.07383707246395,-81.72823999326465],[-61.53513031595241,-81.67672586322584],[-61.56500919371405,-81.46451074739628],[-60.51501195007693,-81.4928790777236],[-59.62567035851059,-81.25978864286125],[-59.089301971173704,-80.89113661332965],[-58.74247415179744,-80.09771814630288],[-59.35069452164871,-79.39314368954824],[-60.112557902899304,-79.10719323298089],[-61.7171650937782,-79.37852721280835],[-62.30422455551314,-79.8218657400586],[-64.91266040719266,-79.83851939397682],[-65.16189052693056,-79.39182529220837],[-65.59623997550712,-79.105316088907],[-66.54680457324123,-79.04011649776385],[-66.6022995917397,-78.9435822171475],[-66.20544555969359,-78.74109421834109],[-66.05708798922834,-78.4049443128136],[-66.15350610824004,-78.05038786592998],[-66.50369696396757,-77.8232133258978],[-67.67006673480566,-77.82966418023096],[-70.68520345380566,-78.34374295623098],[-71.81580128802514,-78.6942413950805],[-72.28193775736389,-79.18748203487927],[-72.36526037692654,-79.50022720247927],[-72.18494183376195,-79.88677512802947],[-71.71299092848066,-80.13437860026761],[-72.56065302913353,-80.2092843254327],[-72.86643190608554,-80.37783936089777],[-74.6936336007849,-80.28367922222552],[-75.50070437784638,-79.89182963831126],[-75.39259786402624,-79.40348709100299],[-75.06173402302143,-79.20654600198169],[-74.84483248553407,-78.76481777880392],[-73.28353252101157,-78.53371806216275],[-72.35563338388468,-77.98558038610064],[-72.17316340315382,-77.6067865378643],[-72.30339256170738,-77.21994753255177],[-69.90662176896798,-77.23302824932276],[-69.36616552646734,-76.91356534588083],[-66.1579446722845,-76.55748073648665],[-63.05544483000089,-75.94909399538437],[-62.6274367469072,-75.53756223921283],[-61.817898365934305,-75.36043789061365]]],[[[-67.35433248089875,-80.33936526385678],[-67.20747200683252,-80.70233181109946],[-68.40598252289541,-80.42880904203969],[-69.87904111145436,-80.4260788193426],[-70.17226497247309,-80.16835424361575],[-69.46858372430226,-80.12418331781977],[-69.00089987322181,-79.7800363623968],[-67.35433248089875,-80.33936526385678]]],[[[-76.13053021131888,-78.84982017033047],[-76.80424816316605,-78.75907159652694],[-76.78025302838401,-78.61413584353268],[-76.13208005871597,-78.67777132550022],[-76.13053021131888,-78.84982017033047]]],[[[-24.665826329948512,-75.260007120092],[-24.58831575558449,-74.93536780130779],[-24.743612145306354,-74.50822150895164],[-24.117627656917826,-74.41512232313407],[-21.381111434914885,-74.68278345222274],[-20.80893191275262,-75.0151546097723],[-21.348614995740366,-75.16536240552509],[-24.665826329948512,-75.260007120092]]],[[[-20.080818289108105,-74.92032951616254],[-19.86561918317214,-74.51411224796477],[-20.027516826268666,-74.08131811109979],[-19.955818206314504,-73.6860709785505],[-19.16071544401274,-73.21931347961205],[-16.860185057570654,-73.01970859137691],[-17.07192800918075,-73.31592058669],[-17.116860347993377,-73.8178311549271],[-17.823970832829648,-73.88129969120939],[-18.49184482510502,-74.4797757285229],[-19.310843208866213,-74.91607067515469],[-20.080818289108105,-74.92032951616254]]],[[[-1.612039475426708,-70.53852215314714],[-0.8295663991384892,-70.18426735832386],[-0.03734770878380064,-70.1386972566663],[0.417969139529249,-70.27893288689252],[0.6895379752670375,-70.6995289155077],[-0.3684693762401891,-71.05364857762319],[-1.0489036452836205,-70.71249651010577],[-1.5326038613730497,-70.86271258007635],[-1.612039475426708,-70.53852215314714]]],[[[11.688758998029797,-70.19432023005275],[11.794324119602027,-70.06584709192757],[11.831736545965073,-70.06882682188746],[11.688758998029797,-70.19432023005275]]],[[[19.84613679194044,-70.37137575674141],[19.92685333601356,-70.27646279465685],[20.476708134826318,-70.31970760267738],[19.84613679194044,-70.37137575674141]]],[[[30.755008242495038,-69.66468235985083],[31.203934376265124,-69.44490273680421],[31.60934245301952,-69.57706079383553],[30.755008242495038,-69.66468235985083]]],[[[70.27185759552162,-69.23942129129969],[72.58140267687288,-69.1811563262685],[73.01150983554254,-69.37556652319452],[71.33771815050062,-69.88470549756943],[71.08888937542221,-70.22473663092251],[71.15617791431066,-70.64471086084878],[70.65919390801594,-71.22644611395118],[69.4854865116624,-71.46163843345681],[69.165168371891,-71.79103271382024],[68.90218671930948,-71.6221401235479],[69.30081154696974,-71.40909287078784],[69.72270873240117,-70.75295151919828],[69.8017094160845,-70.38852201732661],[69.66322195855899,-70.08496395651407],[70.15239451864203,-69.64803390869305],[70.27185759552162,-69.23942129129969]]],[[[96.0908826246153,-65.48621282955209],[96.33957786629017,-65.52327751559012],[96.03067250499647,-65.67646021807772],[96.0908826246153,-65.48621282955209]]],[[[96.60024945231443,-65.53498476426603],[96.79543077934704,-65.46303483129901],[96.99827432521495,-65.58270335955487],[96.60024945231443,-65.53498476426603]]],[[[97.71500083237086,-65.95088587274674],[97.74959195331078,-65.954362944879],[97.76717078497984,-65.9930273576158],[97.71500083237086,-65.95088587274674]]],[[[168.20478089488347,-78.23666279512165],[170.04061833119167,-78.02921698084],[170.44199822243678,-77.78428582370042],[170.74731841878682,-77.97004279862277],[171.57734295193902,-78.0460828223458],[179.45,-78.40025854354937],[179.45,-83.73049160914725],[175.0078034024192,-83.28154566469001],[174.0300145277749,-83.30895974922745],[171.27071361846671,-82.90107067410474],[169.32850218485615,-82.84468027735653],[168.70610808417874,-82.46075745281289],[167.6485506999073,-82.4302312734884],[165.984175803269,-82.14513021862646],[165.653803844211,-81.95160981065686],[164.31707864421858,-81.81345056129234],[163.06082772005675,-81.28322259110253],[161.83815836015165,-81.0306672888556],[161.89219169605468,-80.71607893021218],[161.7270709172708,-80.38744880418491],[162.00513617424218,-80.03092594202577],[161.93406831038035,-79.60634603223832],[164.43253416092435,-79.15435890336147],[167.3402362803905,-79.1893830762829],[167.6577212732632,-79.00931471621297],[168.20478089488347,-78.23666279512165]]],[[[-179.45,62.30600437962523],[-179.45,64.63435106333758],[-178.88813689056343,65.12713130338155],[-178.47792816649638,64.92299876200534],[-176.4124875235788,64.95607605722275],[-176.24132898726344,64.59836718835774],[-175.60556944169494,64.25665854145755],[-174.98157811403175,64.28544173157229],[-173.7252053963276,63.78960641219514],[-173.07761445855178,63.69172699528504],[-172.28735049619308,63.86166397817243],[-172.40279434221404,63.51068130057139],[-172.30107759801845,63.20238778626996],[-171.57821032024634,62.78759518888149],[-170.85355437830327,62.862284661602345],[-169.70549837889962,62.39662234632341],[-169.17390581403848,62.6241738137677],[-168.65159421347357,62.64397280269631],[-168.14498897605807,63.203008817616904],[-168.2036686266668,63.56556935876962],[-168.4290472902895,63.78769033321808],[-169.82073521776312,63.99312986236661],[-170.21012342578126,64.23952248362271],[-170.9307802737208,64.1341050428035],[-171.67233903538428,64.34594999271067],[-171.5206267051813,64.92057901569774],[-170.42210734036618,65.08023330431149],[-169.994996210702,65.42994958347978],[-169.58185201491713,65.5185844665718],[-169.3593275043867,65.28334768636005],[-168.98444160134042,65.19534987858293],[-168.5703403828086,65.33488028008647],[-168.61352589579397,64.77713598535604],[-168.21266311191346,64.42341242318658],[-167.79563317268767,64.48530481074133],[-167.5288624666083,64.86695411840176],[-166.3156219324668,64.04980315281747],[-165.04009930949016,63.89832876897186],[-163.74283566713999,64.02695291305575],[-163.18669139586757,63.861132848068046],[-163.2640027801986,63.635671085530134],[-164.35735636505242,63.779128084730196],[-164.81329944331117,63.63500581174123],[-165.4124760729729,62.9889193470187],[-166.33089711133704,62.481949369855364],[-166.74484018447788,61.5630667462188],[-166.6076172698655,61.221598014587414],[-166.2701186220688,60.97497333334512],[-167.80666120908123,60.63830435527376],[-168.00264639540444,60.20303747053771],[-167.78446509090227,59.77846195008028],[-166.21644476433917,59.207367815025925],[-165.3378625629461,59.48321220846222],[-165.05005817908096,59.863483925411124],[-164.22681249712755,59.301530792229094],[-162.57799537595304,59.42919020576712],[-162.66205910551386,58.38743819819088],[-162.390384673845,58.13840376353961],[-161.87684115156145,58.02091797013622],[-161.00168749055462,58.001715051097655],[-159.691451803814,58.25949255591517],[-159.1005456838829,57.87692217862025],[-158.1795263958876,58.06375756827826],[-159.0741659874516,57.40703268120195],[-160.44028366490565,56.87600001641288],[-160.81049272173487,56.539404967376505],[-161.96704291126943,56.41373481693112],[-162.8681475824908,55.91735389349713],[-163.34163227469793,55.95385737877873],[-163.66753370888253,55.60540693771799],[-164.6385095999175,55.44480424893808],[-165.08490052129844,55.16677138384976],[-166.9180873309922,55.47690057139848],[-167.7258676846559,55.87427534315903],[-167.9433560351255,56.37475291416105],[-168.31023348983015,56.7105032096857],[-168.96618076547608,56.80210580882231],[-169.1762625068189,57.05521690123179],[-169.56382019251177,57.15284949358227],[-169.63536295331474,57.53756172790807],[-169.92099397119944,57.76889777346959],[-170.77808289531762,57.59769240141853],[-170.93890358383672,57.11324482472375],[-170.6307262679672,56.675447993775514],[-171.0202766349644,56.766633259055006],[-171.48055736464093,57.42515178296516],[-171.98764718740549,57.534227705329016],[-171.95134419506886,58.07036432719773],[-172.4514233191379,58.5909693854762],[-172.31758397874128,59.21538313696779],[-172.6505551405575,59.56275279825127],[-173.2992536059189,59.62447839598949],[-173.52354575813752,59.87778461768124],[-173.8911326582771,59.94648140444244],[-174.39133375877628,59.67479631009243],[-174.47896430346503,59.20164282325088],[-175.18368993637833,59.23020770620722],[-175.6655666977675,59.51570463071244],[-176.21840934705375,59.253090561179256],[-176.50306587640029,59.6244301235615],[-177.0054759594418,59.6343598617545],[-177.32549665026923,60.17529488589307],[-177.92616888286977,60.17054109634846],[-178.3308972746953,61.680912833480384],[-179.45,62.30600437962523]],[[-173.59638908847296,60.390902897696904],[-173.2783728638344,59.99469164926458],[-172.21995505095347,59.76358054543095],[-171.83185010858426,59.91273268746208],[-171.6590301447441,60.29089279622843],[-171.92301119710612,60.78352429052811],[-173.04749205050382,61.228330844593756],[-173.5602694005865,60.973931218973796],[-173.59638908847296,60.390902897696904]]],[[[-173.87803730619208,58.73092183804839],[-173.5876599868988,58.75783699451527],[-173.32605836831104,58.54320615710515],[-173.50300106491602,58.361986247816326],[-173.87803730619208,58.73092183804839]]],[[[-157.8971482116434,55.353107345507055],[-158.03537377624235,55.621110169361366],[-157.5471320952602,55.84378583199639],[-157.46371824331018,55.48647154437813],[-157.8971482116434,55.353107345507055]]],[[[-161.9505512775765,64.03357848646311],[-162.10132031765752,64.0650123888319],[-162.00814677914636,64.11079419467052],[-161.9505512775765,64.03357848646311]]],[[[-168.4724321708122,66.10331160036304],[-171.5788186467797,67.48274029845234],[-174.3141317817502,67.6290010074218],[-175.06827698413997,68.17196694910115],[-179.45,69.43365585876957],[-179.45,70.4549924989471],[-177.77199324707166,70.51478187586135],[-177.09935137851124,70.80792574274993],[-176.89347388683112,71.23006925627816],[-176.98204747083176,71.53638199609331],[-177.2761742964653,71.7609577207125],[-178.33921267365494,72.08789591643136],[-179.45,72.08807019986517],[-179.45,73.08912659636881],[-179.15762984072936,73.18294105707534],[-177.9910590842629,72.89580224749271],[-175.91031404369656,72.74675479355415],[-174.86500756986615,73.06508631450068],[-174.1778789909097,72.95912563436131],[-173.81102652582783,73.30493380381674],[-173.05079998003538,73.02943399591982],[-172.28586897117512,73.22824686369093],[-170.43848119573033,73.13673451656591],[-169.04049398210995,73.56238400772608],[-168.65099414992173,73.39594540476118],[-166.0972974130904,73.37884306317238],[-165.68300580360167,73.51632459819263],[-164.35499859979407,73.30594031949127],[-163.83240050416643,72.9293306863575],[-163.30029235760156,72.99933854394516],[-163.03104237640625,72.55786893792957],[-162.20325138026072,72.4025252885021],[-161.83204002617023,72.09539610236445],[-159.99802247512912,71.86540910791709],[-159.59545377839754,72.07249818889355],[-159.08183870458882,71.8842494010644],[-158.60080678207174,72.1076909053979],[-158.14274166588646,72.05513831669005],[-157.43134949499785,71.6270815132513],[-157.97987671436462,71.41212355483353],[-159.304246105189,71.41792671629513],[-161.04563069299388,70.83630856816852],[-161.90000933311484,70.90382103092844],[-162.4613978228034,70.76961089034242],[-163.38820605926512,70.2503921268506],[-163.8269029912074,69.63421620953679],[-164.42360945602442,69.47774427812762],[-166.39249346633335,69.40891372893465],[-166.77809343718144,68.90989629070168],[-167.31790273829324,68.6034240074716],[-167.35197075801642,68.18093302460412],[-167.07546849611532,67.85967649200786],[-164.45485458949094,67.12550455284848],[-165.82226050475902,66.89898371130698],[-168.4724321708122,66.10331160036304]],[[-175.45131202665527,70.82819962729758],[-175.06284160914723,71.1631119175216],[-175.11958730044304,71.67287209048663],[-175.70220153530818,71.95086442392311],[-176.11276832389856,71.87136592611856],[-176.34874606304354,71.52611296715276],[-176.27370833858387,71.11470752363685],[-175.98270849608832,70.88925124555462],[-175.45131202665527,70.82819962729758]]],[[[-154.163245984093,71.34587099702551],[-154.20663247952325,71.39654089486137],[-154.02066905245806,71.36845425930811],[-154.163245984093,71.34587099702551]]],[[[-137.7349121397063,69.68664742489656],[-137.66176623342724,69.79675321770473],[-136.10385678434065,69.97853581741057],[-136.6993024819377,69.43285861129732],[-137.7349121397063,69.68664742489656]]],[[[-133.4188570530674,69.9888628289686],[-134.437113662567,70.27573501386583],[-134.94663433202447,70.01944688279825],[-135.37562333687674,70.20340814288905],[-130.3833197038042,71.00407847173942],[-128.7330057176209,70.9344755930919],[-128.89411159620528,70.5256465996249],[-129.76404321620507,70.8124934194467],[-130.10777304007073,70.63185702377623],[-130.98509667192675,70.64836479526218],[-132.2024638254565,70.25142652191576],[-132.68194277544654,70.27653133556652],[-133.4188570530674,69.9888628289686]]],[[[-119.679378439326,71.68368314400989],[-119.83868873722989,71.61314059067998],[-119.83267723334117,71.68228612703143],[-119.679378439326,71.68368314400989]]],[[[-103.80466416381076,71.64690082263408],[-102.77558491948703,71.83609950246921],[-102.47617851994282,72.048505126564],[-102.72868483565145,71.46618256841762],[-102.31579019356754,71.01650841246565],[-101.54320719567937,71.15877042683323],[-101.33483261736716,71.70790460447532],[-100.78913269847014,71.64963613490853],[-99.76504618970618,71.15807327939977],[-99.46779430298821,70.85125037793253],[-98.81377023830632,70.72813751593576],[-97.3831807764218,71.11485768202698],[-97.12258758047487,70.96857518246992],[-97.07060038806875,70.50381309000367],[-98.12934748334052,70.40663471599646],[-98.85874627093884,70.03988677173791],[-99.09429290154971,69.71093233491969],[-99.76274175582033,69.5506739167504],[-100.0767088066069,69.68334539761666],[-100.42500175898257,69.60142032028267],[-100.30086234434285,69.96920659444929],[-99.89954808157654,70.1143514513473],[-99.67019801545807,70.41056136487123],[-99.68374713843356,70.78493843009423],[-99.88713730928188,71.03564872163219],[-100.82598392815602,71.22004821879501],[-101.14571587496656,71.0228719558727],[-101.26320759344989,70.71516216448123],[-102.06543199692445,70.8739527056066],[-102.99406434244803,71.21958413470254],[-103.40946697546205,71.13615901610292],[-103.73570598175085,71.28583227848198],[-103.80466416381076,71.64690082263408]]],[[[-99.49492492118932,68.29758786893196],[-99.52837487088082,68.38163509070876],[-99.46722874620185,68.3519097444021],[-99.49492492118932,68.29758786893196]]],[[[-108.74205499217533,73.45815971670089],[-108.74649806589609,73.45161615110221],[-108.75043883295622,73.45851196235677],[-108.74205499217533,73.45815971670089]]],[[[-125.82804670766237,73.21300192447356],[-125.83727005827268,73.35402928534462],[-125.69819329907283,73.43068643409455],[-125.6254536887943,73.21111059511729],[-125.82804670766237,73.21300192447356]]],[[[-102.18239973819962,73.62323694663965],[-102.14297796127244,73.67642841355442],[-102.15840420040391,73.62556994718786],[-102.18239973819962,73.62323694663965]]],[[[-100.07126139727886,74.45257172091715],[-101.02375500803736,74.36452785193045],[-102.03839996506665,73.85460003806487],[-102.03546513445878,74.22964618385139],[-102.26875098049504,74.51613827383967],[-103.33292938927741,74.51940892812482],[-103.4133243655162,74.65531356861804],[-103.04360502670407,75.08530877064901],[-102.63231897627132,74.94811541156787],[-101.24850510505962,75.0645279609273],[-100.62207900896573,74.534906073018],[-100.07126139727886,74.45257172091715]]],[[[-96.96194041290309,76.08637227524927],[-96.95725753345218,76.1861866452096],[-96.65880564238147,76.1580599195259],[-96.96194041290309,76.08637227524927]]],[[[-87.28861340979904,68.55067215459198],[-87.74722173468811,69.28474901141036],[-88.90991748196446,69.80258002799565],[-89.69746472176519,69.6657081418981],[-90.02317477733908,69.96830027014668],[-90.76500344218621,70.02993625887572],[-91.29668363997442,70.71093017120124],[-90.80370275068621,70.81084139961438],[-90.45158031638573,71.2219373498292],[-89.79839269754922,70.48319131556669],[-89.16509525785234,70.05907073115333],[-87.74219000836948,69.693592863143],[-87.14984613530886,69.18081311045005],[-86.7265647638674,69.05861569272187],[-86.79073862746311,68.79531508233985],[-87.28861340979904,68.55067215459198]]],[[[-92.97964771052804,72.20370653740575],[-92.89218661880126,71.90089700246871],[-93.16676376713633,72.00152034087564],[-92.97964771052804,72.20370653740575]]],[[[-95.81904809065841,72.19145875475556],[-95.76165149161353,72.21881593369962],[-95.82208280103706,72.1854766610032],[-95.81904809065841,72.19145875475556]]],[[[-81.22830709328638,68.07564569030123],[-80.76217671569451,68.4193119495958],[-80.7240018333975,69.10765111138289],[-80.31600328826207,68.84444570200617],[-79.96519141925837,68.83880037031928],[-79.44391662356567,67.78834967118912],[-78.89696923023713,67.6362944314504],[-78.04250886677752,68.26554371363765],[-77.82219177835604,68.9170439581808],[-77.16964722438789,68.60647564378108],[-77.72342466603405,68.10721718098667],[-77.80053951426875,67.46198250774408],[-77.67055135796579,67.098680659305],[-77.16946706733063,66.72640891723947],[-75.30060450447,66.8150403503563],[-74.6063271491666,67.2684764217115],[-73.32156648776643,67.2337807475697],[-74.80785277020095,66.5842566054199],[-75.00647792919548,66.27897622631093],[-74.97847210686967,65.93532299651761],[-76.13483019531506,65.83946597879068],[-77.52351045987959,66.00703489216674],[-78.00229251766966,65.57839177021545],[-78.46219103843039,65.40524776052249],[-78.67458126809552,65.10822136445012],[-79.93137011720844,65.5168927980803],[-80.7020969803474,66.03884516927563],[-81.83990864845978,66.26475048188513],[-81.12823297135192,66.59841474861615],[-80.71610789390283,67.28677573072133],[-80.77979419444596,67.76481542528941],[-81.22830709328638,68.07564569030123]]],[[[-82.07943681853031,66.16576041913513],[-82.12631181305056,66.13974021105437],[-82.14618245057284,66.14842597646974],[-82.07943681853031,66.16576041913513]]],[[[-80.787980257814,62.04952356383339],[-80.6457104467886,61.46314700853919],[-79.75440564217605,61.03593939435195],[-79.37167686360081,61.18693127453679],[-78.8515046392014,61.7103013792759],[-78.78579781487468,62.10026780588971],[-78.61935160461897,62.1045831665549],[-78.40530199927828,61.35602575636159],[-79.06654489515607,61.120646537989956],[-79.22986355179907,60.58138259491695],[-78.9339046008414,60.218157448605695],[-78.2522397163033,60.22105663963398],[-78.18268004667368,60.097027424913904],[-78.57079845191407,59.50708111425138],[-79.254423751282,59.30752028914401],[-79.47609064048275,58.89839901743646],[-79.40366457512685,58.5910278361313],[-79.05003960968132,58.211065908212674],[-78.24419669297033,57.86227686522285],[-78.72388850478889,57.75884393417147],[-79.01019402190276,57.199090054579024],[-79.26533752405533,57.27367709207417],[-79.21221570765002,57.7860915492203],[-79.57720151338194,58.1482375483795],[-80.03874551837434,58.08196505380836],[-80.37596150108696,57.65051996427965],[-80.33750472787987,57.2302374481681],[-80.64625699951446,56.102996758574726],[-80.44692804466649,55.54668137734005],[-80.00784421756643,55.284279698721654],[-80.31014900416214,54.929962662418],[-80.24538665449157,54.39098535323927],[-80.4566402532799,54.09972897949994],[-80.40804727429011,53.66973267433104],[-80.54000357362878,53.44564196540759],[-81.57468933487714,53.75726449658945],[-81.81240048177189,54.31468719108481],[-81.65015458477356,54.81389135942443],[-81.72632036105546,55.27877564848059],[-82.10534462948316,55.66415528476009],[-84.870953325811,55.83593352097456],[-85.74737133136448,56.18919439351881],[-87.31820578708749,56.503816491881174],[-87.70435147656606,56.91904897633854],[-88.70421814950004,57.38134606163006],[-90.46896627137338,57.76743420291813],[-91.92955637896542,57.5948997967664],[-92.76156456553205,59.127929137366166],[-93.08465258390657,59.28975602012716],[-94.11083063010587,59.348108368697126],[-94.23780856279771,59.89931934181797],[-93.31768806161249,61.13144079920825],[-92.35386558923985,61.564900155424716],[-91.68780323449522,62.08610011780306],[-90.67832845792134,62.20677049805304],[-90.15962581490041,62.77045403654326],[-90.07731554291323,63.08275490798554],[-89.54764903009645,63.45640914480041],[-88.64019113132449,63.43052231553395],[-87.7713815346968,63.71047578488111],[-87.47205182171842,63.16936379013911],[-86.86742032169988,63.0117541366158],[-86.17284389205867,63.13057814637836],[-85.95524632981446,62.79584445777649],[-85.39456712034998,62.58675516150585],[-84.25562837955759,62.87947183158757],[-84.47093048774174,62.566676614892586],[-84.4233601051015,62.162203086131555],[-85.08031015823407,62.06359445249638],[-85.38537478893724,61.747172848024846],[-86.13023071295534,62.24906972640269],[-87.01064241148275,62.25200482349539],[-87.62661593542224,62.092073440463295],[-88.31308577564127,61.523559489140055],[-88.25520590756945,60.90291449395455],[-88.5560250599499,60.45357480476653],[-88.3653900712247,59.99567923932748],[-88.51905151501379,59.693279503246686],[-88.45713709094031,59.33015389748272],[-87.95392786826082,58.943589856141074],[-87.18697064258431,58.991100787037354],[-86.67413640904736,58.66863095040539],[-85.85188441660887,59.10627625842435],[-85.53448903758954,60.06696503450008],[-85.68943842997969,60.512271655096896],[-85.31399014599877,60.51190971296915],[-84.91310531030527,60.21181666320717],[-83.98440078202167,60.18455362692098],[-83.42842268802077,60.70854569500036],[-83.0160124014175,60.823235908832004],[-82.53421976537128,60.71693742095443],[-81.73786905583745,61.0924371226296],[-81.00361121718632,61.54683089207278],[-80.787980257814,62.04952356383339]],[[-81.10108371166147,59.49337447947302],[-81.01274004696666,58.75523617631225],[-80.39026324796605,58.56433484054857],[-80.08931333157618,58.78813948712762],[-80.00467884097687,59.17042721688631],[-79.43264518868634,59.54346542716716],[-79.3526962568982,60.01153383907434],[-79.66706279252473,60.36741802135496],[-80.19414100468501,60.4065665184975],[-80.97606413581708,60.05145207665094],[-81.10108371166147,59.49337447947302]],[[-81.63018025522005,54.189343871790726],[-81.37211381001762,53.853132634142916],[-80.95158906338645,53.80026275679418],[-80.60558480739255,54.0805289577393],[-80.5590677818131,54.50566305593667],[-80.85000492089202,54.85175781661313],[-81.2623626451239,54.893934660062605],[-81.58705579694512,54.63626794506537],[-81.63018025522005,54.189343871790726]]],[[[-68.97184071706731,60.43285870746326],[-68.89087601190566,59.926492093038284],[-68.35455383854122,59.664095163508335],[-68.31566868566034,59.368036386472234],[-68.97168570395658,59.724727602082936],[-69.12949660479993,60.309161146703275],[-68.97184071706731,60.43285870746326]]],[[[-67.32760443688858,60.23609771337806],[-66.91574596357763,60.23083714222728],[-67.22872766772915,60.12582009578412],[-67.32760443688858,60.23609771337806]]],[[[-54.00892177346739,46.30880145176075],[-53.64102015970243,46.07517328212471],[-52.8868308515347,46.14246533966194],[-52.44087682604524,46.563066177620954],[-52.13261010893506,47.726302702066796],[-51.24566032175515,47.544790911764984],[-50.93866134372983,47.74700696580331],[-50.827788928454524,48.099431539891356],[-50.49729515382738,48.07715124682971],[-50.067556743376315,47.661051736449075],[-48.13888123184288,46.87970382649318],[-48.024563542368526,46.63203176027353],[-48.25019344617446,46.33560436789848],[-49.05893458044519,45.91647054953238],[-49.58298882665196,45.23042348200774],[-49.74239438304886,44.05269824816365],[-49.997775895803464,43.59613387695084],[-50.41435429772464,43.42248399657799],[-51.63674577431507,43.976956542145835],[-52.782054734414686,44.90767967613865],[-53.914177894074015,45.22678097827428],[-54.29964471091757,45.616044787055166],[-55.21642646060041,45.700276307039665],[-55.88077230917973,45.534733701724896],[-56.45672349838906,46.23975432260207],[-55.41364294505516,46.342630018789265],[-55.23020806463366,45.96877362292218],[-54.84134646109592,45.80950637385944],[-54.49337586014389,45.93503591713191],[-54.278418652090885,46.28602624002984],[-54.00892177346739,46.30880145176075]]],[[[-63.70618624414196,48.26420294428753],[-62.34869877243252,47.76339716103355],[-62.54641752488893,47.34875920735291],[-62.51673507940929,47.01122378988502],[-63.449544547900096,47.02250214904199],[-63.59489053709957,47.44250810139292],[-64.01242011182681,47.61655126956273],[-63.936148042903724,48.03878128443713],[-63.70618624414196,48.26420294428753]]],[[[-58.38944886163985,45.253753305018435],[-58.105060821237785,44.847763162919094],[-60.303567904053686,44.482421050786016],[-60.59280404334498,44.25789687615796],[-60.679914937955104,43.95109915342333],[-62.26226370489841,43.51945347168467],[-62.209610937072775,43.81777123252763],[-61.61380474097985,44.12941057555231],[-61.51574825593856,44.54987828765097],[-60.74082218817452,44.7710427140195],[-60.45881455268606,45.06658052694236],[-59.552229318360155,45.44765132301854],[-59.163699224731836,45.14223028669],[-58.38944886163985,45.253753305018435]]],[[[-64.49810133896682,43.15804276420038],[-65.4431081803553,42.752559567052],[-65.63775892381145,42.87903726513135],[-64.64642096959639,43.31813870037683],[-64.49810133896682,43.15804276420038]]],[[[-66.0815933236879,43.091809981289614],[-66.54771893007485,43.18077724049963],[-66.47836601020677,43.32555046490481],[-66.0815933236879,43.091809981289614]]],[[[-68.81718371991802,41.43373379159562],[-68.34556709403506,41.25080868503587],[-67.52693737054949,41.65083712628521],[-66.63851110367399,41.64369695897983],[-67.56420180282291,40.9967338844021],[-69.39687546318768,40.52439414454184],[-71.40854771682453,40.561707934410144],[-72.61854444385885,39.945234888472385],[-74.57704239257193,38.11207173380745],[-74.50757297363569,38.604230343365565],[-73.69466713010364,39.354321130446486],[-73.49197083279087,40.03182044983294],[-71.13448057365736,40.79728108234331],[-69.8049514401376,40.72391325342421],[-69.51080923486536,40.94244504589461],[-69.4248858306118,41.33872416738581],[-68.81718371991802,41.43373379159562]]],[[[-75.03021346924955,37.451774099284094],[-75.27577273567455,36.62049520519581],[-75.3776126101075,36.86155544515142],[-75.03021346924955,37.451774099284094]]],[[[-77.1075657439807,34.03389419108339],[-77.42145509386772,33.7414407401818],[-77.34934488101453,33.891940796781014],[-77.1075657439807,34.03389419108339]]],[[[-78.19355193603151,33.34605082593796],[-78.52473642739216,33.17979513399585],[-78.40923249038529,33.33392716708777],[-78.19355193603151,33.34605082593796]]],[[[-79.70211316038777,32.168014236391585],[-80.53478800632699,30.9766111813738],[-80.72232727818502,29.992906840722636],[-80.91547159471803,30.649377445140605],[-80.60631661991077,31.456928611440258],[-79.70211316038777,32.168014236391585]]],[[[-76.44871277782616,22.719777090680438],[-77.15237445735664,22.750682820798836],[-77.38670432372983,22.958342675912334],[-76.35697568372647,23.019249331400644],[-76.44871277782616,22.719777090680438]]],[[[-77.63275895511275,23.19237264604135],[-77.57901905799075,23.09392656282381],[-77.81639701635315,23.198786156484342],[-77.63275895511275,23.19237264604135]]],[[[-78.47493044257925,23.94427626791606],[-78.15752938748983,23.34947833560923],[-78.62570266665396,24.099840017829184],[-78.47493044257925,23.94427626791606]]],[[[-82.6185883291192,24.873383916292504],[-83.64572523720035,25.26743974840045],[-83.83299317669635,25.61897585466445],[-83.87520427198046,26.559111847742635],[-84.24513859739922,28.060848478658304],[-85.16743759851845,29.082345337721776],[-84.79832892881899,29.10396906504696],[-84.11817914082575,29.497969078783445],[-83.24695379213543,28.620026532577064],[-83.39235749772234,27.821958521688025],[-83.23105985039274,27.2897879448353],[-82.632902514087,26.15544940753718],[-82.29372950163724,25.906824902819345],[-82.03751258924494,25.44576352463236],[-81.67820732407611,25.309110472149356],[-81.84336119325268,25.11698850093486],[-82.2780965825317,25.128260548809035],[-82.6185883291192,24.873383916292504]]],[[[-91.06975134376249,28.524176041008342],[-92.83807199273264,28.46993005307395],[-93.51985151378746,28.300431532182582],[-94.71555640453259,28.420827265506844],[-95.36577047951653,28.316039839667713],[-94.35521643387345,28.925959169581255],[-93.24113239908274,29.214399087369774],[-91.7488836995748,28.941794720781786],[-91.06975134376249,28.524176041008342]]],[[[-91.78515245785304,19.291665696161292],[-92.24491984117144,19.228664930871105],[-91.83961073530557,19.510647305691233],[-91.68004967357825,19.830029209840493],[-91.95568116817479,21.092322849431707],[-91.8926955117625,21.65915371540233],[-90.17466620337196,22.164792767875877],[-89.71050524108624,21.82109979122612],[-90.30374566674512,21.675155923937886],[-90.77946376939113,21.35995009233914],[-90.98121392010904,20.903281828371394],[-90.98818893214673,20.216826158857316],[-91.26228053415733,19.6524718664834],[-91.78515245785304,19.291665696161292]]],[[[-89.36019794132363,21.900626959561986],[-89.11522300483828,22.241486967632554],[-89.19400830611725,22.7196176773937],[-88.70452603910307,23.2612335088895],[-88.37805419389474,23.174117446634117],[-88.04835245940968,23.297695117235364],[-87.71920429755727,23.164450342037327],[-87.4004371131852,22.111471103699973],[-88.19412089191749,22.16222071177605],[-89.36019794132363,21.900626959561986]]],[[[-83.36382641127491,15.847626283077625],[-82.75034800850543,16.104614350797082],[-82.12619434704668,16.069191303492552],[-81.82463002224107,15.854946802710229],[-82.1127127637393,15.554231606014689],[-82.11455252142197,15.001035343852376],[-82.28816053966477,14.741588140486696],[-82.58333841145351,14.943548372582814],[-82.96165034895498,15.61279117081994],[-83.36382641127491,15.847626283077625]]],[[[-82.52864849931984,13.859061103337837],[-82.86568458862858,13.25803307730798],[-82.96277238892222,12.837981366057635],[-83.00090720870257,13.330584540627104],[-82.8033808616757,13.824616142496016],[-82.52864849931984,13.859061103337837]]],[[[-131.0211780196513,53.105736180894205],[-130.95196893519648,52.946938325748256],[-131.05533908958196,53.142642496708554],[-131.0211780196513,53.105736180894205]]],[[[-131.1760039795945,53.39652748303739],[-131.29809188533144,53.52766148926633],[-131.24057384577017,53.695863812196976],[-131.18122168311095,53.5662383539565],[-131.1760039795945,53.39652748303739]]],[[[-150.64834386695327,58.750357759805325],[-150.57590600101446,58.61278717736712],[-150.81064995584023,58.35159805806919],[-150.8284207104571,57.94670172781853],[-151.59764760528807,57.620314902104774],[-151.25519272228348,58.131634607174064],[-151.35081150509473,58.57003259126038],[-150.64834386695327,58.750357759805325]]],[[[-152.83413267694002,59.199376168694855],[-152.84262878264886,59.21947391239879],[-152.80167196893458,59.25242092750817],[-152.83413267694002,59.199376168694855]]],[[[-67.23827734008297,-53.46070364278374],[-67.89874205569335,-52.634432820490595],[-67.85866213902193,-52.118446871317296],[-68.43625880374412,-51.40283559851022],[-68.57673779896463,-51.00045805968713],[-68.47351794475487,-50.773337235382726],[-67.52803344968409,-50.406617580987486],[-67.06685369625772,-49.364502894268135],[-65.43506653305937,-48.390870104053405],[-65.2169556247457,-48.02256903455197],[-65.19816708664288,-47.14432487044509],[-65.3598211316526,-46.81146491782848],[-66.56981275278547,-46.48789015990523],[-66.9807352326777,-46.20447395797323],[-66.61851557315927,-45.74931101240218],[-65.20046325601884,-45.378551612836766],[-64.68342321868384,-44.500271631203866],[-64.74536601340313,-43.837767844307024],[-63.20886903739879,-43.11626859735623],[-63.05429918182463,-42.21679013854752],[-63.364639422369365,-41.704839146258216],[-62.8566935085559,-41.660702067771055],[-61.934722809881016,-41.24694095154542],[-61.508850963937135,-40.63501196765309],[-61.563964788790216,-39.8609248110473],[-61.39410956474605,-39.5173164789943],[-58.184919300759304,-39.023026999360496],[-57.22801293528,-38.56055766374513],[-56.14927522860267,-37.04583291105379],[-56.23202605461287,-36.10714860543199],[-56.673808789286554,-35.77135518228683],[-56.587858406952186,-35.341666890302776],[-56.23788515277507,-35.48507178290046],[-55.66804710245089,-35.34369731850438],[-54.90232425630646,-35.520515196205565],[-53.866546066186324,-35.141346914027274],[-52.19851192860317,-33.45329141081044],[-51.675972071237,-32.5489485144539],[-50.4589346719761,-31.54125148163635],[-51.107676346701666,-32.97452462052378],[-51.84497777819129,-33.35512734121983],[-52.88257339482037,-34.931872494321595],[-53.438478666738085,-35.167389088846875],[-53.606387381694205,-35.70326182418151],[-55.64143393544602,-37.60992838185673],[-56.3858641007442,-39.3487248224418],[-56.88918468495783,-40.05104996631805],[-57.74358583894576,-40.82087435961001],[-57.85472753052204,-41.17640129550953],[-58.644070036540796,-41.8279379218772],[-59.426586417785686,-41.966457322236096],[-59.65457261897449,-42.4740661326084],[-60.328328050204675,-42.7571922526954],[-60.71313261416184,-43.18833357395991],[-60.92579724164981,-43.85781855252321],[-60.80755800929998,-44.15968697118868],[-60.49601815867186,-44.37883098606424],[-60.639185082708046,-45.54089470070428],[-61.075022727674366,-45.7549975139597],[-61.33844608502389,-46.610683445778186],[-61.69893648763021,-46.93663097159227],[-61.6330620909528,-48.169550937351566],[-62.5592468246427,-49.55771249871209],[-62.43334424341641,-49.903259153450215],[-62.11782791370147,-50.09221257692637],[-60.748158004571856,-49.902750696959885],[-60.8674800427248,-50.29211915693098],[-60.77443298502151,-50.601894837806064],[-61.22190627594226,-50.52366074645503],[-61.56076144184799,-50.72967516559741],[-61.8092704153957,-50.19348416800859],[-62.568019094829076,-50.09779243137091],[-63.39111409914923,-50.99878614180897],[-64.0016909130482,-51.202737440764665],[-64.16815771726607,-51.6147325610445],[-64.65539298281104,-51.88667871941876],[-65.10706384138422,-52.64207478964233],[-64.95900128207435,-53.431130114270566],[-64.50100685642424,-53.84071721628898],[-64.36972900087927,-54.168870126652855],[-64.78994996875028,-54.22511071617139],[-66.31529421294586,-53.93335665907379],[-67.23827734008297,-53.46070364278374]]],[[[-64.43555882206637,-41.693104394267905],[-64.51262455214017,-41.49650744432478],[-64.1094257445363,-41.60191324218466],[-64.43555882206637,-41.693104394267905]]],[[[-50.00461732446327,-30.8966926684766],[-49.37913029251676,-29.796899628736785],[-48.69003925921895,-29.199192855411265],[-48.77853452843013,-29.586366690574568],[-49.19045798682747,-29.879247907224755],[-49.23989182072368,-30.238774181214136],[-50.00461732446327,-30.8966926684766]]],[[[-48.09154936329804,-28.30629659019968],[-48.09124343690673,-28.30461648441602],[-48.090627258933736,-28.305412205596554],[-48.09154936329804,-28.30629659019968]]],[[[-47.837860163014106,-27.35446125669444],[-48.0575036097786,-26.797357541540023],[-48.01258038715483,-26.04251288799655],[-47.43924328011003,-25.375460844185564],[-46.66745072978916,-24.755630986781735],[-45.76535470077318,-24.34322141413753],[-45.109448993550046,-24.501504900799112],[-45.60533929416428,-25.23808451194739],[-46.124801379095935,-25.26056102352087],[-47.00803081297261,-25.95016263092456],[-47.20755399690726,-26.606792670860784],[-47.837860163014106,-27.35446125669444]]],[[[-44.647586811131625,-23.938937283718687],[-44.69264467943889,-23.947119254407063],[-44.51924757764848,-23.886003121265606],[-44.647586811131625,-23.938937283718687]]],[[[-44.22266022075094,-23.770655036730616],[-44.16059940986917,-23.72753173867325],[-44.1153988667295,-23.72893919334328],[-44.22266022075094,-23.770655036730616]]],[[[-39.17961930599572,-19.035344650276194],[-39.128817459703264,-18.503099121446713],[-38.63749337760258,-17.909324210981918],[-38.25155219350003,-18.042115579657988],[-38.466717395108226,-18.875832406781207],[-39.17961930599572,-19.035344650276194]]],[[[-43.66370315220814,-1.7376422609140294],[-43.95277775429087,-1.8617686296508325],[-44.66599067333202,-0.8220741736582998],[-45.30106011983128,-0.7579913039766387],[-47.18137448812964,-0.05452696829032244],[-47.90248457687249,-0.023848530617142052],[-48.21601357454451,0.2493060346004864],[-48.97639087503839,0.3955014130427028],[-49.1028293563111,0.6997863453750757],[-49.407406679497164,0.8896184172477541],[-49.334034253032186,1.341009171227905],[-49.478837879325276,2.0040689076084672],[-50.249108409286144,2.6837305225751877],[-50.71839872168213,4.379061025649371],[-50.096349437499946,3.8234859022751992],[-49.14108285709967,3.319054070448847],[-48.90012014783514,2.800125688926014],[-48.50823255712631,2.6490314200991083],[-46.833376325546766,0.7815697195462408],[-45.87613709448798,0.1472184120949724],[-45.64923550615167,-0.27106725363658013],[-45.23049165603198,-0.4906930001423828],[-44.780594855000786,-0.3417149046739003],[-43.66370315220814,-1.7376422609140294]]],[[[-50.95759679690606,4.7484811989193485],[-50.846616468771494,4.564733950976179],[-51.05550878090115,4.76219476241033],[-50.95759679690606,4.7484811989193485]]],[[[-51.48165265539579,5.059315970642516],[-52.10628351318956,5.486880391757529],[-51.93450423851725,5.484233396610295],[-51.48165265539579,5.059315970642516]]],[[[-53.02625811221964,6.0417616270134],[-54.18980431913331,6.441200325826385],[-55.078744071934814,6.540609946094873],[-56.175348169315455,6.414378136927494],[-56.84228695414169,6.5496002418197214],[-57.92180591234957,7.33695900117133],[-58.00765671794149,7.640501273229893],[-56.007677369604856,6.548484452367011],[-55.20258948339889,6.836511527435225],[-54.37510058139615,6.8924878528756786],[-53.62124911759754,6.713989226258148],[-53.11353713836555,6.423868095268493],[-53.02625811221964,6.0417616270134]]],[[[-60.13107282819314,9.211598590596765],[-60.179003444802966,9.173474484122949],[-60.186095999096445,9.283376768049731],[-60.13107282819314,9.211598590596765]]],[[[-69.30841553452044,43.33687662110773],[-69.0711109482139,43.41548944756784],[-68.92128210856072,43.4730816315843],[-69.00839560980653,43.20258865906885],[-69.30841553452044,43.33687662110773]]],[[[-62.396328142037426,59.00271622593022],[-62.76170709138024,59.469377550605266],[-63.2136582135083,59.802066023530614],[-62.53385186367058,59.75345267786409],[-61.640458838064625,59.33650572231745],[-61.78150437847617,58.94255772545033],[-62.396328142037426,59.00271622593022]]],[[[-16.862361364008358,82.14928239793748],[-18.31278423608507,82.26759321375906],[-18.634911109285426,82.41063024828952],[-16.11304438693547,82.32881676061334],[-16.862361364008358,82.14928239793748]]],[[[-20.216904749201277,82.09375744806273],[-20.511963189111377,81.98463285921926],[-20.793176372683746,82.47346244596999],[-20.066541000248453,82.4523083746254],[-20.216904749201277,82.09375744806273]]],[[[-10.880184168814152,81.24080646882481],[-10.305749240669606,81.10708698470624],[-10.78301161822179,80.5673793526096],[-11.137330755101948,80.56152531784315],[-11.443528483321318,80.89620084072496],[-10.880184168814152,81.24080646882481]]],[[[-9.423903747332973,80.9596797729264],[-9.129920470469122,80.9105382220767],[-8.948221882098602,80.79883235024039],[-9.308170177720914,80.58093420575878],[-9.423903747332973,80.9596797729264]]],[[[-53.64504680201525,65.31502421356198],[-53.67364725891845,64.80750996642406],[-53.867947849010505,64.80610013364634],[-54.0443209680286,65.30187029241128],[-54.70927995643024,65.80669559120709],[-54.18833430707332,65.97729410251274],[-53.64504680201525,65.31502421356198]]],[[[-55.716141393858294,66.76401460887064],[-55.77156016071026,67.16177102782429],[-56.17110424683019,67.62910113246018],[-54.634236600370066,67.79320777956876],[-54.293047088731086,67.59585788893766],[-54.51000487037244,67.1493178212579],[-55.716141393858294,66.76401460887064]]],[[[-78.0243499631642,57.77718669517259],[-77.38344804109516,57.46424544870571],[-77.19776445985025,56.90941086024962],[-77.79136396323976,56.90261670892985],[-77.72328037415578,57.327524276655645],[-78.0243499631642,57.77718669517259]]],[[[-78.10123123806645,55.750333410905924],[-78.57567191981214,55.603532070213454],[-78.31703222131998,55.85268867401021],[-78.10123123806645,55.750333410905924]]],[[[-80.18834834395706,52.49880072653273],[-80.15605938490216,52.04265916564548],[-80.40418464833188,52.236215802474696],[-80.18834834395706,52.49880072653273]]],[[[-83.97465182852275,63.132058934779714],[-84.18381557537671,62.94402877811335],[-84.00602744777012,63.12510314876127],[-83.97465182852275,63.132058934779714]]],[[[-100.99820989746918,68.37353734490075],[-101.23700693004045,68.34837002632065],[-101.13347932199923,68.61157087389044],[-101.0840410570827,68.48829920864563],[-100.99820989746918,68.37353734490075]]],[[[174.46369222094026,-40.477368352300026],[174.3751310050763,-40.34245773181134],[174.20548604694787,-40.21444557234992],[174.6310889976666,-40.38836986169205],[174.46369222094026,-40.477368352300026]]],[[[173.35580938944707,-38.92763953537955],[173.21506288916802,-39.22187222886393],[173.29215101892183,-39.591680327434084],[173.66057901124958,-39.985219193944346],[174.11939980110805,-40.18159978704481],[173.50512527653112,-40.3157251410877],[173.08708525334782,-39.982156959672565],[172.98052371004815,-39.26755543087668],[173.35580938944707,-38.92763953537955]]],[[[48.05554234402132,43.16493654737073],[48.38668475279167,43.81149694693284],[48.39841308476786,44.13304344832044],[48.13966753440424,44.46906789859175],[47.628452280629965,44.60619003732615],[47.8499615126126,44.91825753040622],[48.30349326988355,44.99132656461251],[48.54401544624099,45.35019874577198],[49.05026234843305,45.35564008639569],[49.59832401288262,45.79070354469162],[50.08176958019507,45.79265456214858],[50.376990603258655,46.177554323893695],[51.23149782141426,46.53308395438893],[52.04565040906883,46.26681521529297],[52.4598787661752,46.37595989523509],[52.26381601212561,45.918485727252275],[51.318075530602016,45.93122643466204],[50.87699325421407,45.52249733553725],[50.0974199546445,45.629667647413314],[49.75030579671952,45.49296671936194],[49.43638375449456,44.95288703222662],[49.77960659453329,44.07645553268048],[48.38520315158959,42.797203066946274],[48.05554234402132,43.16493654737073]]],[[[51.980578067859476,40.255696795675696],[52.10503759677628,41.11003949632621],[52.105988155586665,41.24245524560475],[52.302405023492355,40.929137483536685],[52.190246525750474,40.002344526779076],[51.980578067859476,40.255696795675696]]],[[[52.34414991130703,39.67017662479014],[52.53984061873435,39.46799105553822],[52.6358466014221,38.45288387492411],[52.210476392762224,38.68067652957482],[52.34414991130703,39.67017662479014]]],[[[53.287292129526875,38.237853325940584],[53.25714640313453,38.02921667431856],[53.27612329334916,37.88428954953146],[53.042486743814116,38.20757706806881],[53.287292129526875,38.237853325940584]]],[[[53.45022575410626,41.40843344059062],[53.45671399897022,41.50710883124984],[53.496921510544674,41.421963198075765],[53.45022575410626,41.40843344059062]]],[[[51.88407227969496,42.27615156432492],[51.88020740034297,42.293887066240174],[51.89014394159832,42.29311262779058],[51.88407227969496,42.27615156432492]]],[[[46.967271044727674,81.35804263773194],[47.25718387774653,81.6257906558741],[47.99946378837229,81.63779785526341],[47.75291628383609,81.37894693708931],[46.967271044727674,81.35804263773194]]],[[[18.480586513899436,75.48305098730084],[18.867137858814825,75.96180323111273],[18.769845246990872,76.64523783759971],[19.768977443020308,76.3310919185128],[19.8748701816866,75.92075570447814],[20.187709399336377,75.7172993166939],[22.27205228151167,75.97612369529682],[22.6582427617901,76.2425980589536],[22.691155499304255,76.72677601319663],[23.373294051051055,76.731473452934],[24.659687210361746,77.32863171158667],[24.97405571451807,77.83196361311607],[25.40570525916442,77.54302297449739],[26.138271753566205,77.72088386430195],[27.41693867641474,77.54014160916321],[28.36334712781253,76.93061936383506],[28.13165784321283,76.55976973861057],[27.64246970642062,76.68464450050534],[26.878831996437892,76.58521845726759],[26.52141245088438,75.99914052435173],[24.68078270467929,75.20457005259686],[20.88133483326895,74.73807645104122],[20.3216361027109,74.44294045678025],[19.8440457834239,74.42704392274132],[19.625912821312347,74.92219788455128],[19.082284565771136,75.07611421978565],[18.480586513899436,75.48305098730084]],[[24.68917814636754,76.93287191351506],[24.395760648380854,76.39391070615206],[24.78404529242247,75.91871806482811],[25.84232132623874,76.22820582416963],[26.10880063444358,76.55799253710259],[26.06151090823152,76.97934058744012],[25.728555610804484,77.24185014468276],[25.252635535079314,77.21668970241122],[24.68917814636754,76.93287191351506]]],[[[24.909627628791576,78.09137613611746],[24.90990650694805,78.08380005632338],[24.905858781209844,78.09109263511793],[24.909627628791576,78.09137613611746]]],[[[31.02085791019067,80.41029337201753],[30.868290002053968,80.93522293055976],[31.95013583170097,80.86659060857963],[31.98813340840897,80.69611790968338],[31.328364263370755,80.6334671453236],[31.02085791019067,80.41029337201753]]],[[[34.94613484703471,77.21689520135267],[35.49726926240378,77.79636772633016],[35.73045713959093,77.27895851073075],[33.74384436256811,77.03922260950478],[33.29003764227925,77.11587005377658],[33.79105676455394,77.45059826479324],[34.15312625480633,77.24115329830556],[34.94613484703471,77.21689520135267]]],[[[27.788332667554133,80.08515109306914],[27.86956594442078,80.1482591226248],[27.85758041327041,80.09633481641872],[27.788332667554133,80.08515109306914]]],[[[20.87089993604142,76.93523571971707],[20.724605607542525,76.81732274659605],[20.567235254293863,76.86233062727376],[20.631892529325462,77.0283484088445],[20.87089993604142,76.93523571971707]]],[[[35.56456458899969,75.19330136975793],[36.58349878110217,75.32631629502575],[37.39561626542907,75.16533383468887],[37.88536710819678,74.8206189657427],[37.40838111072578,74.66557266571277],[36.99438839087599,74.85548822931308],[36.601007693078756,74.7705407956322],[36.16229291136012,75.11609673375636],[35.56456458899969,75.19330136975793]]],[[[38.83090495544321,74.60408236349443],[37.915109198774346,74.81962789515082],[39.52621840626625,74.76976421136565],[38.83090495544321,74.60408236349443]]],[[[-23.29114126509607,64.14625474227255],[-23.236350958155985,64.21521198587911],[-23.24889138925867,64.1394374867444],[-23.29114126509607,64.14625474227255]]],[[[-13.147205523790303,64.65588384037417],[-13.021283590144314,64.8173648546784],[-12.952402220270285,64.81154860565772],[-12.976507797672951,64.7452396115716],[-13.147205523790303,64.65588384037417]]],[[[-25.061851442582316,65.3345853235663],[-25.179222536040378,65.32884734837941],[-25.086209181825428,65.4466079775925],[-25.061851442582316,65.3345853235663]]],[[[-25.01291744045626,65.78739290485292],[-25.071041232680916,65.97773738277432],[-24.241233336085195,66.35579426071008],[-24.851764796408133,65.9610410111384],[-25.01291744045626,65.78739290485292]]]]},"properties":{"name":"continental_shelf","sea_level_m":-50,"source":"Natural Earth 10m bathymetry, eroded approximation"}}]}